Fight_ID,Fight_Date,Fighter_A_ID,Fighter_B_ID,Weight_Class,",",Fight_Duration_Seconds,Status,Winner_Fighter_ID,Method,Round_Ended
1,"July 11, 2017",461,462,bantamweight,3,900,completed,462,decision,3
2,"August 8, 2021",461,469,bantamweight,3,900,completed,461,decision,3
3,"July 9, 2022",461,470,bantamweight,3,900,completed,470,decision,3
4,"November 19, 2022",461,463,bantamweight,3,900,completed,461,decision,3
5,"June 8, 2024",461,471,bantamweight,3,442,completed,471,submission,2
6,"January 18, 2025",461,472,bantamweight,3,900,completed,472,decision,3
7,"August 15, 2023",464,139,bantamweight,3,60,completed,139,KO/TKO,1
8,"October 19, 2024",464,465,bantamweight,3,900,completed,464,decision,3
9,"May 3, 2025",464,473,bantamweight,3,900,completed,473,decision,3
10,"June 14, 2025",464,474,bantamweight,3,900,completed,474,decision,3
11,,,,,,,,,,
12,"August 19, 2025",466,467,heavyweight,3,66,completed,466,KO/TKO,1
13,"November 8, 2025",466,468,heavyweight,3,366,completed,466,KO/TKO,2
14,"November 22, 2025",475,476,heavyweight,3,900,completed,475,decision,3
15,"January 24, 2026",466,475,heavyweight,3,299,completed,466,KO/TKO,1
16,"August 8, 2017",477,478,flyweight,3,174,completed,477,submission,1
17,"December 9, 2017",477,479,flyweight,3,414,completed,477,submission,2
18,"February 24, 2018",477,480,flyweight,3,900,completed,477,decision,3
19,"August 4, 2018",477,481,flyweight,3,226,completed,477,KO/TKO,1
20,"November 30, 2018",477,482,flyweight,3,256,completed,482,KO/TKO,1
21,"March 30, 2019",477,483,flyweight,3,900,completed,477,decision,3
22,"January 25, 2020",477,484,flyweight,3,153,completed,477,submission,1
23,"June 6, 2020",477,485,flyweight,3,246,completed,477,KO/TKO,1
24,"November 21, 2020",477,486,flyweight,5,117,completed,486,submission,1
25,"July 30, 2022",477,487,flyweight,3,91,completed,487,submission,1
26,"March 2, 2024",477,488,flyweight,3,900,completed,488,decision,3
27,"April 7, 2024",477,79,flyweight,5,436,completed,477,KO/TKO,2
28,"June 15, 2024",477,489,flyweight,5,479,completed,489,KO/TKO,2
29,"November 22, 2025",477,76,flyweight,3,622,completed,76,submission,3
30,"July 23, 2022",490,488,flyweight,3,900,completed,488,decision,3
31,"November 19, 2022",490,30,flyweight,3,900,completed,490,decision,3
32,"January 14, 2023",490,491,flyweight,3,273,completed,490,KO/TKO,1
33,"February 25, 2023",490,492,flyweight,3,900,completed,492,decision,3
34,"April 29, 2023",490,493,flyweight,3,900,completed,493,decision,3
35,"November 18, 2023",490,494,flyweight,3,900,completed,494,decision,3
36,"February 3, 2024",490,495,flyweight,3,900,completed,490,decision,3
37,"May 11, 2024",490,465,flyweight,3,900,completed,490,decision,3
38,"July 13, 2024",490,496,flyweight,3,620,completed,490,KO/TKO,3
39,"October 19, 2024",490,497,flyweight,3,900,completed,490,decision,3
40,"March 1, 2025",490,498,flyweight,3,900,completed,498,decision,3
41,"August 23, 2025",490,499,flyweight,3,575,completed,490,KO/TKO,2
42,"January 24, 2026",477,490,flyweight,3,196,completed,477,KO/TKO,1
43,"August 31, 2013",500,501,heavyweight,3,694,completed,501,KO/TKO,3
44,"January 25, 2014",500,502,heavyweight,3,25,completed,500,KO/TKO,1
45,"March 15, 2014",500,503,light heavyweight,3,89,completed,503,submission,1
46,"July 19, 2014",500,504,light heavyweight,3,297,completed,500,KO/TKO,1
47,"January 25, 2015",500,505,light heavyweight,3,84,completed,500,submission,1
48,"August 23, 2015",500,506,light heavyweight,3,149,completed,500,submission,1
49,"May 8, 2016",500,507,light heavyweight,3,491,completed,500,submission,2
50,"July 30, 2016",500,508,light heavyweight,3,340,completed,500,KO/TKO,2
51,"December 10, 2016",500,509,light heavyweight,3,278,completed,509,submission,1
52,"September 15, 2018",500,250,light heavyweight,3,461,completed,250,submission,2
53,"April 13, 2019",500,503,light heavyweight,3,450,completed,500,submission,2
54,"September 14, 2019",500,260,light heavyweight,3,900,completed,260,decision,3
55,"March 14, 2020",500,510,light heavyweight,3,900,completed,500,decision,3
56,"February 27, 2021",500,137,light heavyweight,3,900,completed,137,decision,3
57,"March 19, 2022",500,67,light heavyweight,3,237,completed,67,submission,1
58,"July 23, 2022",500,255,light heavyweight,3,67,completed,500,KO/TKO,1
59,"October 22, 2022",500,511,light heavyweight,3,900,completed,500,decision,3
60,"March 11, 2023",500,512,light heavyweight,3,218,completed,500,submission,1
61,"April 12, 2025",500,513,light heavyweight,3,144,completed,513,KO/TKO,1
62,"July 26, 2025",500,515,light heavyweight,3,258,completed,515,KO/TKO,1
63,"July 15, 2020",514,350,light heavyweight,3,300,completed,514,KO/TKO,1
64,"October 17, 2020",514,516,light heavyweight,3,121,completed,516,KO/TKO,1
65,"March 27, 2021",514,517,light heavyweight,3,900,completed,517,decision,3
66,"September 4, 2021",514,518,light heavyweight,3,450,completed,518,KO/TKO,2
67,"February 11, 2023",514,351,light heavyweight,3,900,completed,514,decision,3
68,"June 17, 2023",514,352,light heavyweight,3,900,completed,514,decision,3
69,"November 4, 2023",514,519,light heavyweight,3,363,completed,519,KO/TKO,2
70,"February 22, 2025",514,153,light heavyweight,3,132,completed,514,KO/TKO,1
71,July 27,514,520,light heavyweight,3,792,completed,514,submission,3
72,"May 10, 2025",514,521,light heavyweight,3,900,completed,514,decision,3
73,"September 6, 2025",514,67,light heavyweight,3,300,completed,514,KO/TKO,1
74,"January 24, 2026",514,500,light heavyweight,3,897,completed,500,KO/TKO,3
75,"September 17, 2024",555,556,middleweight,3,540,completed,555,KO/TKO,2
76,"March 29, 2025",555,557,middleweight,3,122,completed,555,KO/TKO,1
77,"July 19, 2025",555,558,middleweight,3,70,completed,555,KO/TKO,1
78,"October 4, 2025",555,559,middleweight,3,101,completed,555,KO/TKO,1
79,"August 27, 2024",560,561,middleweight,3,900,completed,560,decision,3
80,"March 22, 2025",560,562,middleweight,3,900,completed,562,decision,3
81,"August 2, 2025",560,563,middleweight,3,391,completed,560,KO/TKO,2
82,"January 24, 2025",555,560,middleweight,3,900,completed,555,decision,3
83,"December 4, 2010",522,523,lightweight,3,900,completed,523,decision,3
84,"June 26, 2011",522,524,lightweight,3,282,completed,522,KO/TKO,1
85,"October 1, 2011",522,525,lightweight,3,180,completed,525,submission,1
86,"January 28, 2012",522,526,lightweight,3,900,completed,522,decision,3
87,"May 5, 2012",522,200,lightweight,3,900,completed,522,decision,3
88,"October 5, 2012",522,196,lightweight,3,366,completed,522,KO/TKO,1
89,"December 29, 2012",522,527,lightweight,3,900,completed,527,decision,3
90,"April 6, 2013",522,528,lightweight,3,663,completed,528,submission,3
91,"August 17, 2013",522,450,lightweight,3,900,completed,522,decision,3
92,"December 28, 2013",522,529,lightweight,3,632,completed,522,KO/TKO,3
93,"March 8, 2014",522,530,lightweight,3,900,completed,522,decision,3
94,"February 22, 2015",522,188,lightweight,3,900,completed,522,decision,3
95,"August 8, 2015",522,531,lightweight,3,900,completed,531,decision,3
96,"December 19, 2015",522,532,lightweight,3,900,completed,532,decision,3
97,"September 17, 2016",522,436,lightweight,5,95,completed,522,KO/TKO,1
98,"November 12, 2016",522,202,lightweight,3,751,completed,202,submission,3
99,"July 7, 2017",522,533,lightweight,5,588,completed,533,KO/TKO,2
100,"January 14, 2018",522,534,featherweight,3,442,completed,534,submission,2
101,"August 25, 2018",522,535,featherweight,3,900,completed,522,decision,3
102,"October 27, 2018",522,536,featherweight,3,900,completed,522,decision,3
103,"March 30, 2019",522,537,featherweight,3,854,completed,537,KO/TKO,3
104,"October 26, 2019",522,538,lightweight,3,900,completed,538,decision,3
105,"May 13, 2020",522,539,lightweight,3,325,completed,539,submission,2
106,"February 6, 2021",522,690,lightweight,3,900,completed,690,decision,3
107,"May 4, 2022",522,540,lightweight,3,502,completed,522,KO/TKO,2
108,"July 9, 2022",522,541,lightweight,3,900,completed,541,decision,3
109,"December 3, 2022",522,102,lightweight,3,900,completed,522,decision,3
110,"May 20, 2023",522,542,lightweight,3,410,completed,542,KO/TKO,2
111,"February 10, 2024",522,543,lightweight,3,900,completed,522,decision,3
112,"December 14, 2024",522,162,lightweight,3,423,completed,522,KO/TKO,2
113,"July 19, 2025",522,544,lightweight,3,900,completed,522,decision,3
114,"March 8, 2018",545,531,lightweight,3,42,completed,545,KO/TKO,1
115,"July 28, 2018",545,361,lightweight,3,900,completed,545,decision,3
116,"January 19, 2019",545,197,lightweight,3,523,completed,197,KO/TKO,2
117,"July 20, 2019",545,326,lightweight,3,900,completed,545,decision,3
118,"May 13, 2020",545,546,lightweight,3,565,completed,546,KO/TKO,2
119,"October 31, 2020",545,547,lightweight,3,106,completed,545,KO/TKO,1
120,"February 27, 2021",545,539,lightweight,3,900,completed,539,decision,3
121,"October 2, 2021",545,548,lightweight,3,80,completed,545,KO/TKO,1
122,"February 12, 2022",545,549,lightweight,3,383,completed,549,submission,2
123,"December 10, 2022",545,550,featherweight,3,570,completed,550,KO/TKO,2
124,"February 18, 2023",545,551,lightweight,3,900,completed,545,decision,3
125,"October 7, 2023",545,313,featherweight,3,900,completed,313,decision,3
126,"April 6, 2024",545,552,featherweight,3,900,completed,552,decision,3
127,"October 5, 2024",545,553,lightweight,3,900,completed,545,decision,3
128,"August 16, 2025",545,554,lightweight,3,298,completed,545,KO/TKO,1
129,"September 13, 2025",545,542,lightweight,3,526,completed,545,KO/TKO,2
130,,,,,,,,,,
131,"January 20, 2021",564,565,bantamweight,3,519,completed,564,submission,2
132,"March 5, 2022",564,234,bantamweight,3,195,completed,564,submission,1
133,"June 25, 2022",564,566,bantamweight,3,900,completed,564,decision,3
134,"January 14, 2023",564,205,bantamweight,3,280,completed,564,KO/TKO,1
135,"March 2, 2024",564,80,bantamweight,3,900,completed,564,decision,3
136,"August 3, 2024",564,567,bantamweight,5,1500,completed,564,decision,5
137,"January 18, 2025",564,568,bantamweight,5,1500,completed,568,decision,5
138,"October 25, 2025",564,232,bantamweight,3,900,completed,564,decision,3
139,"June 3, 2017",486,569,flyweight,3,600,completed,486,KO/TKO,2
140,"October 28, 2017",486,570,flyweight,3,900,completed,486,decision,3
141,"February 3, 2018",486,571,flyweight,3,574,completed,486,KO/TKO,2
142,"August 25, 2018",486,572,flyweight,3,488,completed,486,KO/TKO,2
143,"March 23, 2019",486,485,flyweight,3,900,completed,485,decision,3
144,"July 27, 2019",486,487,flyweight,3,900,completed,486,decision,3
145,"October 12, 2019",486,573,flyweight,3,188,completed,486,submission,1
146,"February 29, 2020",486,482,flyweight,5,414,completed,486,KO/TKO,2
147,"July 18, 2020",486,482,flyweight,5,288,completed,486,submission,1
,,,,,,,,,,
149,"December 12, 2020",486,574,flyweight,5,1500,completed,,decision,5
150,"June 12, 2021",486,574,flyweight,5,746,completed,574,submission,3
151,"January 22, 2022",486,574,flyweight,5,1500,completed,486,decision,5
152,"January 31, 2023",486,574,flyweight,5,900,completed,574,KO/TKO,3
153,"December 2, 2023",486,575,bantamweight,3,900,completed,486,decision,3
154,"April 13, 2024",486,576,bantamweight,3,542,completed,486,submission,2
155,"August 3, 2024",486,577,bantamweight,3,900,completed,486,decision,3
156,"November 23, 2024",486,578,bantamweight,5,1500,completed,578,decision,5
157,"May 3, 2025",486,567,bantamweight,5,548,completed,567,KO/TKO,2
158,"October 11, 2025",486,579,bantamweight,3,900,completed,486,decision,3
159,"January 24, 2026",486,564,bantamweight,3,900,completed,900,decision,3
160,"December 12, 2014",585,586,women's strawweight,5,686,completed,586,submission,3
161,"October 3, 2015",585,587,women's strawweight,3,167,completed,585,submission,1
162,"December 10, 2015",585,588,women's strawweight,5,1345,completed,585,submission,5
163,"April 16, 2016",585,589,women's strawweight,3,900,completed,585,decision,3
164,"July 3, 2016",585,590,women's strawweight,3,900,completed,590,decision,3
165,"April 5, 2017",585,591,women's strawweight,3,467,completed,585,submission,2
166,"November 4, 2017",585,133,women's strawweight,5,183,completed,585,KO/TKO,1
167,"April 7, 2018",585,133,women's strawweight,5,1500,completed,585,decision,5
168,"May 11, 2019",585,125,women's strawweight,5,478,completed,125,KO/TKO,2
169,"July 11, 2020",585,125,women's strawweight,3,900,completed,585,decision,3
170,"April 24, 2021",585,592,women's strawweight,5,78,completed,585,KO/TKO,1
171,"November 6, 2021",585,592,women's strawweight,5,1500,completed,585,decision,5
172,"May 7, 2022",585,586,women's strawweight,5,1500,completed,586,decision,5
173,"September 2, 2023",585,593,women's flyweight,3,900,completed,593,decision,3
174,"March 23, 2024",585,594,women's flyweight,5,1500,completed,585,decision,5
175,"July 13, 2024",585,595,women's flyweight,5,1500,completed,585,decision,5
176,"November 2, 2024",585,264,women's flyweight,5,1500,completed,264,decision,5
177,"June 14, 2025",585,596,women's flyweight,3,900,completed,585,decision,3
178,"June 18, 2022",580,581,women's flyweight,3,900,completed,580,decision,3
179,"November 19, 2022",580,279,women's flyweight,3,687,completed,580,KO/TKO,3
180,"May 20, 2023",580,582,women's flyweight,3,178,completed,580,KO/TKO,1
181,"August 19, 2023",580,49,women's flyweight,3,900,completed,580,decision,3
182,"February 3, 2024",580,583,women's flyweight,3,900,completed,580,decision,3
183,"September 7, 2024",580,125,women's flyweight,3,900,completed,580,decision,3
184,"May 10, 2025",580,584,women's flyweight,3,900,completed,580,decision,3
185,"January 24, 2026",580,585,women's flyweight,3,900,completed,580,decision,3
186,"June 20, 2015",68,69,featherweight,3,701,completed,68,submission,3
187,"February 27, 2016",68,70,featherweight,3,900,completed,68,decision,3
188,"March 18, 2017",68,71,featherweight,3,900,completed,68,decision,3
189,"May 27, 2018",68,72,featherweight,3,761,completed,68,submission,3
190,"March 16, 2019",68,73,featherweight,3,900,completed,68,decision,3
191,"June 6, 2019",68,74,featherweight,3,900,completed,68,decision,3
192,"January 25, 2020",68,75,featherweight,3,900,completed,68,decision,3
193,"April 10, 2021",68,597,featherweight,3,900,completed,68,decision,3
194,"March 19, 2022",68,598,featherweight,3,153,completed,68,KO/TKO,1
195,"October 29, 2022",68,599,featherweight,5,308,completed,68,KO/TKO,2
196,"April 23, 2023",68,600,featherweight,5,1500,completed,600,decision,5
197,"January 20, 2024",68,601,featherweight,3,900,completed,601,decision,3
198,"July 27, 2024",68,454,featherweight,3,900,completed,68,decision,3
199,"September 5, 2023",602,603,featherweight,3,900,completed,602,decision,3
200,"January 13, 2024",602,315,featherweight,3,252,completed,602,KO/TKO,1
201,"June 29, 2024",602,604,featherweight,3,382,completed,602,KO/TKO,2
202,"July 13, 2024",602,546,lightweight,3,688,completed,602,KO/TKO,3
203,"February 22, 2025",602,165,featherweight,3,255,completed,602,KO/TKO,1
204,"April 12, 2025",602,605,featherweight,3,532,completed,602,submission,2
205,"September 13, 2025",602,606,featherweight,5,588,completed,606,KO/TKO,2
206,"January 24, 2026",602,68,featherweight,3,900,completed,602,decision,3
207,"April 19, 2014",617,618,heavyweight,3,263,completed,617,KO/TKO,1
208,"July 6, 2014",617,619,heavyweight,3,210,completed,617,KO/TKO,1
209,"September 5, 2014",617,620,heavyweight,3,41,completed,620,KO/TKO,1
210,"February 18, 2015",617,621,heavyweight,3,498,completed,617,KO/TKO,2
211,"June 6, 2015",617,410,heavyweight,3,348,completed,410,KO/TKO,2
212,"October 3, 2015",617,622,heavyweight,3,675,completed,617,KO/TKO,3
213,"February 6, 2016",617,623,heavyweight,3,137,completed,617,KO/TKO,1
214,"April 6, 2016",617,624,heavyweight,3,288,completed,617,KO/TKO,1
215,"July 7, 2016",617,625,heavyweight,3,900,completed,617,decision,3
216,"December 6, 2016",617,87,heavyweight,5,1122,completed,617,KO/TKO,4
217,"February 19, 2017",617,626,heavyweight,5,492,completed,617,KO/TKO,2
218,"June 10, 2017",617,274,heavyweight,5,1131,completed,274,KO/TKO,4
219,"February 18, 2018",617,627,heavyweight,3,768,completed,617,KO/TKO,3
220,"July 7, 2018",617,269,heavyweight,3,900,completed,617,decision,3
221,"October 6, 2018",617,628,heavyweight,3,889,completed,617,KO/TKO,3
222,"November 3, 2018",617,629,heavyweight,5,434,completed,629,submission,2
223,"March 9, 2019",617,277,heavyweight,5,418,completed,277,KO/TKO,2
224,"November 2, 2019",617,630,heavyweight,3,900,completed,617,decision,3
225,"February 8, 2020",617,251,heavyweight,3,900,completed,617,decision,3
226,"August 8, 2020",617,273,heavyweight,5,321,completed,617,KO/TKO,2
227,"February 20, 2021",617,268,heavyweight,5,376,completed,617,KO/TKO,2
228,"August 7, 2021",617,631,heavyweight,5,851,completed,631,KO/TKO,3
229,"December 18, 2021",617,278,heavyweight,5,216,completed,617,KO/TKO,1
230,"February 12, 2022",617,632,heavyweight,3,400,completed,632,KO/TKO,2
231,"June 30, 2022",617,614,heavyweight,3,55,completed,614,KO/TKO,1
232,"February 4, 2023",617,613,heavyweight,5,185,completed,613,submission,1
233,"July 29, 2023",617,506,heavyweight,3,33,completed,617,KO/TKO,1
234,"November 4, 2023",617,82,heavyweight,5,1500,completed,82,decision,5
235,"May 11, 2024",617,633,heavyweight,5,649,completed,617,KO/TKO,3
236,"July 12, 2025",617,634,heavyweight,5,35,completed,617,KO/TKO,1
237,"August 2, 2022",607,608,heavyweight,3,220,completed,607,KO/TKO,1
238,"October 29, 2022",607,609,heavyweight,3,900,completed,607,decision,3
239,"November 19, 2022",607,610,heavyweight,3,900,completed,607,decision,3
240,"April 29, 2023",607,506,heavyweight,3,900,completed,506,decision,3
241,"August 26, 2023",607,611,heavyweight,3,183,completed,607,KO/TKO,1
242,"January 13, 2024",607,158,heavyweight,3,900,completed,607,decision,3
243,"May 11, 2024",607,612,heavyweight,3,900,completed,607,decision,3
244,"March 15, 2025",607,512,heavyweight,3,588,completed,607,KO/TKO,2
245,"June 7, 2025",607,613,heavyweight,3,900,completed,607,decision,3
246,"August 23, 2025",607,614,heavyweight,3,900,completed,614,decision,3
247,"November 1, 2025",607,615,heavyweight,3,239,completed,607,KO/TKO,1
248,"November 22, 2025",607,616,heavyweight,3,82,completed,607,KO/TKO,1
249,"January 24, 2026",607,617,heavyweight,3,494,completed,607,KO/TKO,2
250,"July 18, 2017",635,636,bantamweight,3,254,completed,635,KO/TKO,1
251,"December 1, 2017",635,637,bantamweight,3,900,completed,635,decision,3
252,"March 3, 2018",635,638,bantamweight,3,900,completed,635,decision,3
253,"March 7, 2020",635,639,bantamweight,3,122,completed,635,KO/TKO,1
254,"June 6, 2020",635,425,bantamweight,3,114,completed,635,KO/TKO,1
255,"August 15, 2020",635,577,bantamweight,3,280,completed,577,KO/TKO,1
256,"March 27, 2021",635,640,bantamweight,3,832,completed,635,KO/TKO,3
257,"July 10, 2021",635,641,bantamweight,3,873,completed,635,KO/TKO,3
258,"December 11, 2021",635,642,bantamweight,3,282,completed,635,KO/TKO,1
259,"July 2, 2022",635,643,bantamweight,3,489,completed,,No Contest,2
260,"October 22, 2022",635,578,bantamweight,3,900,completed,635,decision,3
261,"August 19, 2023",635,644,bantamweight,5,351,completed,635,KO/TKO,2
262,"March 9, 2024",635,577,bantamweight,5,1500,completed,635,decision,5
263,"September 14, 2024",635,568,bantamweight,5,1500,completed,568,decision,5
264,"June 7, 2025",635,568,bantamweight,5,882,completed,568,submission,3
265,"November 25, 2017",645,646,bantamweight,3,256,completed,645,submission,1
266,"June 23, 2018",645,647,bantamweight,3,599,completed,645,KO/TKO,2
267,"November 24, 2018",645,648,bantamweight,3,900,completed,645,decision,3
268,"July 6, 2019",645,649,bantamweight,3,124,completed,645,KO/TKO,1
269,"December 7, 2019",645,262,bantamweight,3,900,completed,,decision,3
270,"May 16, 2020",645,577,bantamweight,3,900,completed,645,decision,3
271,"March 6, 2021",645,650,bantamweight,3,900,completed,650,decision,3
272,"August 7, 2021",645,23,bantamweight,3,900,completed,645,decision,3
273,"November 12, 2021",645,651,bantamweight,3,395,completed,645,KO/TKO,2
274,"March 12, 2022",645,652,bantamweight,3,126,completed,645,KO/TKO,1
275,"September 17, 2022",645,567,bantamweight,5,1200,completed,567,KO/TKO,4
276,"April 29, 2023",645,474,bantamweight,5,1270,completed,645,KO/TKO,5
277,"December 9, 2023",645,653,bantamweight,5,1500,completed,645,decision,5
278,"March 9, 2024",645,578,bantamweight,3,900,completed,578,decision,3
279,"February 22, 2025",645,654,bantamweight,5,900,completed,645,decision,3
280,"January 24, 2026",645,635,bantamweight,3,900,completed,635,decision,3
281,"January 7, 2011",658,659,women's featherweight,3,14,completed,658,KO/TKO,1
282,"September 10, 2011",658,430,women's bantamweight,3,593,completed,430,KO/TKO,2
283,"August 13, 2013",658,660,women's bantamweight,3,128,completed,658,KO/TKO,1
284,"November 6, 2013",658,661,women's bantamweight,3,236,completed,658,KO/TKO,1
285,"September 27, 2014",658,662,women's bantamweight,3,681,completed,662,KO/TKO,3
286,"March 15, 2015",658,664,women's bantamweight,3,106,completed,658,KO/TKO,1
287,"August 8, 2015",658,663,women's bantamweight,3,173,completed,658,submission,1
288,"March 15, 2016",658,665,women's bantamweight,3,900,completed,658,decision,3
289,"July 9, 2016",658,667,women's bantamweight,5,196,completed,658,submission,1
290,"December 30, 2016",658,666,women's bantamweight,5,48,completed,658,KO/TKO,1
291,"September 29, 2017",658,665,women's bantamweight,5,1500,completed,658,decision,5
292,"May 12, 2018",658,668,women's bantamweight,5,1356,completed,658,KO/TKO,5
293,"December 29, 2018",658,669,women's featherweight,5,51,completed,658,KO/TKO,1
294,"July 6, 2019",658,348,women's bantamweight,5,250,completed,658,KO/TKO,1
295,"December 14, 2019",658,661,women's featherweight,5,1500,completed,658,decision,5
296,"June 6, 2020",658,670,women's featherweight,5,1500,completed,658,decision,5
297,"March 6, 2021",658,671,women's featherweight,5,123,completed,658,submission,1
298,"December 11, 2021",658,657,women's bantamweight,5,506,completed,657,submission,2
299,"July 30, 2022",658,657,women's bantamweight,5,1500,completed,658,decision,5
300,"June 10, 2023",658,33,women's bantamweight,5,1500,completed,658,decision,5
301,"April 13, 2024",655,348,women's bantamweight,3,407,completed,655,submission,2
302,"October 5, 2024",655,656,women's bantamweight,3,900,completed,655,decision,3
303,"June 7, 2025",655,657,women's bantamweight,5,595,completed,655,submission,2
304,,,,,,,,,,
305,"December 2, 2017",533,672,lightweight,3,839,completed,672,KO/TKO,3
306,"April 14, 2018",533,436,lightweight,5,933,completed,436,KO/TKO,4
307,"August 25, 2018",533,673,lightweight,5,87,completed,533,KO/TKO,1
308,"March 30, 2019",533,188,lightweight,5,150,completed,533,KO/TKO,1
309,"September 14, 2019",533,197,lightweight,5,258,completed,533,KO/TKO,1
310,"May 9, 2020",533,200,lightweight,5,1419,completed,533,KO/TKO,5
311,"October 24, 2020",533,202,lightweight,5,394,completed,202,submission,2
312,"November 6, 2021",533,435,lightweight,3,900,completed,533,decision,3
313,"May 7, 2022",533,674,lightweight,5,202,completed,674,submission,1
314,"March 18, 2023",533,675,lightweight,3,900,completed,533,decision,3
315,"July 29, 2023",533,436,lightweight,5,360,completed,533,KO/TKO,2
316,"April 13, 2024",533,600,lightweight,5,1499,completed,600,KO/TKO,5
317,"March 8, 2025",533,675,lightweight,3,900,completed,533,decision,3
318,"September 4, 2021",676,677,lightweight,3,265,completed,676,KO/TKO,1
319,"March 19, 2022",676,678,lightweight,3,229,completed,676,submission,1
320,"July 23, 2022",676,679,lightweight,3,466,completed,676,submission,2
321,"December 10, 2022",676,680,lightweight,3,900,completed,676,decision,3
322,"December 16, 2023",676,200,lightweight,3,900,completed,676,decision,3
323,"July 27, 2024",676,681,lightweight,3,202,completed,676,submission,1
324,"April 12, 2025",676,435,lightweight,5,787,completed,676,KO/TKO,3
325,"January 24, 2026",533,676,lightweight,5,1500,completed,533,decision,5
326,"March 15, 2025",545,206,lightweight,3,900,completed,545,decision,3
327,"August 12, 2025",682,683,welterweight,3,900,completed,682,decision,3
328,"July 30, 2022",684,685,welterweight,3,669,completed,685,KO/TKO,3
329,"February 4, 2023",684,686,welterweight,3,276,completed,684,KO/TKO,1
330,"June 10, 2023",684,687,welterweight,3,366,completed,687,submission,3
331,"June 15, 2024",684,688,welterweight,3,900,completed,684,decision,3
332,"July 19, 2025",684,689,welterweight,3,246,completed,689,KO/TKO,1
333,"January 24, 2026",684,682,welterweight,3,299,completed,682,KO/TKO,1
334,"May 22, 2025",16,17,flyweight,3,554,completed,16,KO/TKO,2
335,"August 22, 2025",16,711,flyweight,3,285,completed,16,submission,1
336,"September 17, 2024",691,712,bantamweight,3,900,completed,712,decision,3
337,"May 22, 2025",691,713,flyweight,3,228,completed,691,KO/TKO,1
338,"August 22, 2025",691,714,flyweight,3,900,completed,691,decision,3
339,,,,,,,,,,
340,"May 23, 2025",693,717,bantamweight,3,900,completed,693,decison,3
341,"August 22, 2025",693,718,bantamweight,3,408,completed,693,KO/TKO,2
342,"May 23, 2025",692,715,bantamweight,3,228,completed,692,KO/TKO,1
343,"August 22, 2025",692,716,bantamweight,3,900,completed,692,decison,3
344,"January 31, 2026",692,693,bantamweight,3,900,completed,693,decision,3
345,"May 23, 2025",697,727,lightweight,3,900,completed,697,decision,3
346,"August 22, 2025",697,728,lightweight,3,900,completed,697,decision,3
347,"May 28, 2023",696,723,lightweight,3,188,completed,696,submission,1
348,"August 27, 2023",696,724,lightweight,3,900,completed,724,decision,3
349,"May 23, 2025",696,725,lightweight,3,533,completed,696,KO/TKO,2
350,"August 22, 2025",696,726,lightweight,3,522,completed,696,submission,2
351,"January 31, 2026",696,697,lightweight,3,900,completed,697,decision,3
352,"May 22, 2025",695,721,featherweight,3,900,completed,695,decision,3
353,"August 22, 2025",695,722,featherweight,3,47,completed,695,KO/TKO,1
354,"May 22, 2025",694,719,featherweight,3,444,completed,694,KO/TKO,2
355,"August 22, 2025",694,720,featherweight,3,900,completed,694,decision,3
356,"January 31, 2026",694,695,featherweight,3,828,completed,694,KO/TKO,3
357,"June 9, 2022",699,732,featherweight,3,134,completed,699,submission,1
358,"October 23, 2022",699,733,featherweight,3,900,completed,699,decision,3
359,"February 4, 2023",699,734,featherweight,3,900,completed,734,decision,3
360,"May 7, 2023",699,735,featherweight,3,148,completed,699,submission,1
361,"August 27, 2023",699,736,featherweight,3,900,completed,699,decision,3
362,"February 3, 2024",699,720,featherweight,3,183,completed,699,submission,1
363,"September 7, 2024",699,737,featherweight,3,900,completed,737,decision,3
364,"August 23, 2025",699,315,featherweight,3,37,completed,699,KO/TKO,1
365,"August 24, 2024",698,729,featherweight,3,390,completed,729,KO/TKO,2
366,"February 1, 2025",698,730,featherweight,3,900,completed,730,decision,3
367,"October 11, 2025",698,731,featherweight,3,182,completed,698,submission,1
368,"January 31, 2026",698,699,featherweight,3,900,completed,698,decision,3
369,"August 22, 2023",701,738,welterweight,3,900,completed,701,decision,3
370,"February 17, 2024",701,739,welterweight,3,900,completed,701,decision,3
371,"July 27, 2024",701,740,welterweight,3,900,completed,701,decision,3
372,"November 16, 2024",701,741,welterweight,3,640,completed,701,KO/TKO,3
373,"June 21, 2025",701,742,welterweight,3,900,completed,742,decision,3
374,"October 15, 2024",700,743,welterweight,3,181,completed,700,submission,1
375,"February 8, 2025",700,744,welterweight,3,900,completed,700,decision,3
376,"January 31, 2026",700,701,welterweight,3,511,completed,700,submission,2
377,"October 24, 2020",703,57,middleweight,3,18,completed,57,KO/TKO,1
378,"April 17, 2021",703,96,middleweight,3,900,completed,703,decision,3
379,"February 12, 0202",703,747,middleweight,3,900,completed,703,decision,3
380,"June 11, 2022",703,59,middleweight,3,900,completed,59,decision,3
381,"October 15, 2022",703,331,middleweight,3,900,completed,703,decision,3
382,"September 23, 2023",703,329,middleweight,3,255,completed,329,disqualification,1
383,"March 30, 2024",703,748,middleweight,3,339,completed,703,KO/TKO,1
384,"October 10, 2023",702,745,middleweight,3,463,completed,702,submission,2
385,"August 20, 2024",702,704,middleweight,3,900,completed,702,decision,3
386,"October 1, 2024",702,746,middleweight,3,250,completed,702,KO/TKO,1
387,"April 5, 2025",702,558,middleweight,3,900,completed,702,decision,3
388,"January 31, 2026",702,703,middleweight,3,900,completed,703,decision,3
389,"September 1, 2020",329,330,light heavyweight,3,143,completed,330,KO/TKO,1
390,"September 25, 2021",329,331,middleweight,3,900,completed,331,decision,3
391,"March 12, 2022",329,141,middleweight,3,221,completed,329,submission,1
392,"July 9, 2022",329,749,middleweight,3,230,completed,329,KO/TKO,1
393,"December 17, 2022",329,517,middleweight,3,196,completed,517,KO/TKO,1
394,"April 29, 2023",329,750,middleweight,3,388,completed,750,submission,2
395,"June 24, 2023",329,3,middleweight,3,900,completed,3,decision,3
396,"December 2, 2023",329,751,middleweight,3,109,completed,329,KO/TKO,1
397,"April 13, 2024",329,752,middleweight,3,518,completed,752,submission,2
398,"July 12, 2024",329,96,middleweight,3,37,completed,,No Contest,1
399,"March 1, 2025",329,219,middleweight,3,285,completed,329,KO/TKO,1
400,"June 14, 2025",329,4,middleweight,3,636,completed,,decision,3
401,"August 9, 2025",329,753,middleweight,3,900,completed,753,decision,3
402,"August 19, 2025",704,754,middleweight,3,178,completed,704,KO/TKO,1
403,"September 27, 2025",704,748,middleweight,3,161,completed,704,KO/TKO,1
404,"January 31, 2026",704,329,middleweight,3,548,completed,704,KO/TKO,2
405,"January 18, 2025",705,515,light heavyweight,3,513,completed,515,submission,1
406,"July 26, 2025",705,152,light heavyweight,3,900,completed,705,decision,3
407,"November 1, 2025",705,755,light heavyweight,3,213,completed,705,submission,1
408,"April 22, 2023",771,756,heavyweight,3,900,completed,756,decision,3
409,"August 26, 2023",771,85,heavyweight,3,84,completed,771,KO/TKO,1
410,"February 17, 2024",771,506,heavyweight,3,374,completed,506,KO/TKO,2
411,"August 17, 2024",771,757,heavyweight,3,296,completed,757,submission,1
412,"October 12, 2024",771,758,heavyweight,3,425,completed,771,KO/TKO,2
413,"July 12, 2025",771,759,light heavyweight,3,565,completed,759,submission,2
414,"January 31, 2026",771,705,light heavyweight,3,498,completed,705,submission,2
415,"October 5, 2019",541,760,lightweight,3,900,completed,760,decision,3
416,"October 17, 2020",541,761,lightweight,3,900,completed,761,decision,3
417,"March 27, 2021",541,164,lightweight,3,46,completed,541,KO/TKO,1
418,"October 2, 2021",541,762,lightweight,3,471,completed,541,KO/TKO,2
419,"March 5, 2022",541,763,lightweight,3,346,completed,763,KO/TKO,2
420,"February 11, 2023",541,764,lightweight,3,900,completed,541,decision,3
421,"June 3, 2023",541,730,lightweight,3,479,completed,730,KO/TKO,2
422,"September 9, 2023",541,171,lightweight,3,900,completed,541,decision,3
423,"December 9, 2023",541,765,lightweight,3,104,completed,765,KO/TKO,1
424,"May 4, 2024",541,708,lightweight,3,282,completed,708,KO/TKO,1
425,"September 27, 2025",541,766,lightweight,3,900,completed,541,decision,3
426,"September 3, 2024",707,767,lightweight,3,900,completed,707,decision,3
427,"February 8, 2025",707,768,lightweight,3,19,completed,707,KO/TKO,1
428,"June 7, 2025",707,769,lightweight,3,900,completed,707,decision,3
429,"October 25, 2025",707,765,lightweight,3,150,completed,707,KO/TKO,1
430,"January 31, 2026",707,541,lightweight,3,182,completed,707,submission,1
431,"September 17, 2024",634,770,heavyweight,3,147,completed,634,KO/TKO,1
432,"February 8, 2025",634,771,heavyweight,3,35,completed,634,KO/TKO,1
433,"November 17, 2017",632,778,heavyweight,3,275,completed,632,KO/TKO,1
434,"February 10, 2018",632,779,heavyweight,3,138,completed,632,KO/TKO,1
435,"June 9, 2018",632,158,heavyweight,3,900,completed,632,decision,3
436,"December 1, 2018",632,277,heavyweight,3,450,completed,277,KO/TKO,2
437,"June 8, 2019",632,630,heavyweight,3,900,completed,630,decision,3
438,"October 5, 2019",632,613,heavyweight,3,494,completed,613,submission,2
439,"October 24, 2020",632,780,heavyweight,3,299,completed,632,KO/TKO,1
440,"March 20, 2021",632,781,heavyweight,3,49,completed,632,KO/TKO,1
441,"July 10, 2021",632,782,heavyweight,3,67,completed,632,KO/TKO,1
442,"December 11, 2021",632,783,heavyweight,3,326,completed,632,KO/TKO,1
443,"September 3, 2022",632,631,heavyweight,5,863,completed,631,KO/TKO,3
444,"December 3, 2022",632,614,heavyweight,3,54,completed,614,KO/TKO,1
445,"September 9, 2023",632,710,heavyweight,3,577,completed,710,submission,2
446,"March 16, 2024",632,627,heavyweight,5,248,completed,627,submission,1
447,"August 17, 2024",632,88,heavyweight,3,900,completed,88,decision,3
448,"January 31, 2026",632,634,heavyweight,3,900,completed,634,decision,3
449,"October 23, 2023",708,772,lightweight,3,885,completed,708,KO/TKO,3
450,"November 16, 2024",708,773,lightweight,3,900,completed,708,decision,3
451,"March 8, 2025",708,681,lightweight,3,127,completed,708,KO/TKO,1
452,"September 6, 2025",708,709,lightweight,3,476,completed,709,submission,2
453,"April 20, 2019",675,774,lightweight,3,86,completed,774,KO/TKO,1
454,"October 26, 2019",675,775,lightweight,3,900,completed,675,decision,3
455,"July 18, 2020",675,102,lightweight,3,900,completed,675,decision,3
456,"December 12, 2020",675,549,lightweight,3,245,completed,675,KO/TKO,1
457,"August 7, 2021",675,681,lightweight,3,900,completed,675,decision,3
458,"December 4, 2021",675,760,lighweight,3,740,completed,675,KO/TKO,3
459,"July 9, 2022",675,776,lightweight,5,1218,completed,675,KO/TKO,5
460,"September 23, 2023",675,777,lightweight,5,423,completed,777,KO/TKO,2
461,"June 21, 2025",675,169,lightweight,3,900,completed,675,decision,3
462,"January 31, 2026",675,708,lightweight,3,570,completed,708,KO/TKO,2
463,"October 30, 2021",709,784,welterweight,3,900,completed,784,decision,3
464,"June 4, 2022",709,785,lightweight,3,392,completed,709,submission,2
465,"September 3, 2022",709,441,lightweight,3,316,completed,709,KO/TKO,2
466,"July 1, 2023",709,288,lightweight,3,288,completed,709,submission,1
467,"September 2, 2023",709,539,lightweight,3,584,completed,709,KO/TKO,2
468,"November 11, 2023",709,786,lightweight,3,91,completed,709,KO/TKO,1
469,"March 9, 2024",709,436,lightweight,5,452,completed,436,KO/TKO,2
470,"September 28, 2024",709,549,lightweight,5,600,completed,549,KO/TKO,2
471,"May 10, 2025",709,787,lightweight,3,455,completed,709,submission,2
472,"November 15, 2025",709,531,lightweight,3,16,completed,709,KO/TKO,1
473,"June 28, 2014",598,788,featherweight,3,214,completed,598,KO/TKO,1
474,"September 20, 2014",598,789,featherweight,3,900,completed,789,decision,3
475,"May 9, 2015",598,790,featherweight,3,553,completed,598,KO/TKO,2
476,"October 3, 2015",598,791,featherweight,3,900,completed,791,decision,3
477,"March 19, 2016",598,792,featherweight,3,84,completed,598,submission,1
478,"November 26, 2016",598,384,lightweight,3,900,completed,384,decision,3
479,"June 10, 2017",598,191,lightweight,3,482,completed,598,KO/TKO,2
480,"December 30, 2017",598,102,lightweight,3,642,completed,598,submission,3
481,"April 21, 2018",598,551,lightweight,3,180,completed,598,KO/TKO,1
482,"July 7, 2018",598,354,lightweight,3,148,completed,598,KO/TKO,1
483,"December 15, 2018",598,188,lightweight,3,739,completed,188,KO/TKO,3
484,"July 20, 2019",598,673,lightweight,3,153,completed,598,KO/TKO,1
485,"October 5, 2019",598,447,lightweight,3,900,completed,498,decision,3
486,"February 22, 2020",598,199,lightweight,5,1500,completed,598,decision,5
487,"June 27, 2020",598,436,lightweight,5,1500,completed,436,decision,5
488,"January 23, 2021",598,435,lightweight,3,150,completed,435,KO/TKO,1
489,"September 25, 2021",598,765,lightweight,3,900,completed,598,decision,3
490,"October 30, 2021",598,793,lightweight,3,145,completed,793,submission,3
491,"November 12, 2022",598,794,lightweight,3,546,completed,598,KO/TKO,2
492,"July 8, 2023",598,763,lightweight,3,900,completed,598,decision,3
493,"August 17, 2024",598,777,lightweight,3,900,completed,598,decision,3
494,"November 22, 2025",598,795,lightweight,5,514,completed,795,submission,2
495,"January 31, 2026",598,709,lightweight,3,585,completed,709,KO/TKO,2
496,"August 31, 2021",606,312,featherweight,3,900,completed,312,decision,3
497,"May 6, 2023",606,601,featherweight,3,900,completed,601,decision,3
498,"August 5, 2023",606,796,featherweight,3,98,completed,606,submission,1
499,"November 11, 2023",606,797,featherweight,3,90,completed,606,KO/TKO,1
500,"April 13, 2024",606,597,featherweight,3,89,completed,606,KO/TKO,1
501,"June 29, 2024",606,798,featherweight,3,900,completed,606,decision,3
502,"September 14, 2024",606,799,featherweight,3,900,completed,606,decision,3
503,"April 12, 2025",606,710,featherweight,5,1500,completed,710,decision,5
504,"November 26, 2016",710,800,lightweight,3,426,completed,710,KO/TKO,2
505,"June 10, 2017",710,801,featherweight,3,900,completed,710,decision,3
506,"November 18, 2017",710,802,featherweight,3,900,completed,710,decision,3
507,"February 10, 2018",710,803,featherweight,3,597,completed,710,KO/TKO,2
508,"June 14, 2018",710,534,featherweight,3,900,completed,710,decision,3
509,"December 29, 2018",710,804,featherweight,3,554,completed,710,KO/TKO,2
510,"May 11, 2019",710,805,featherweight,3,900,completed,710,decision,3
511,"December 14, 2019",710,600,featherweight,5,1500,completed,710,decision,5
512,"July 11, 2020",710,600,featherweight,5,1500,completed,710,decision,5
513,"September 25, 2021",710,799,featherweight,5,1500,completed,710,decision,5
514,"April 6, 2022",710,806,featherweight,5,859,completed,710,KO/TKO,3
515,"July 2, 2022",710,600,featherweight,5,1500,completed,710,decision,5
516,"February 11, 2023",710,793,lightweight,5,1500,completed,793,decision,5
517,"July 8, 2023",710,791,featherweight,5,839,completed,710,KO/TKO,3
518,"October 21, 2023",710,793,lightweight,5,186,completed,793,KO/TKO,1
519,"February 17, 2024",710,807,featherweight,5,512,completed,807,KO/TKO,2
520,"January 31, 2026",710,606,featherweight,5,1500,completed,710,decision,5
521,"February 3, 2018",393,665,women's flyweight,3,565,completed,665,submission,2
522,"March 16, 2019",393,266,women's flyweight,3,900,completed,266,decision,3
523,"May 11, 2019",393,416,women's flyweight,3,900,completed,416,decision,3
524,"February 22, 2020",393,394,women's flyweight,3,40,completed,393,KO/TKO,1
525,"May 15, 2021",393,395,women's flyweight,3,591,completed,393,KO/TKO,2
526,"December 11, 2021",393,822,women's flyweight,3,299,completed,822,submission,1
527,"February 26, 2022",393,396,women's flyweight,3,900,completed,393,decision,3
528,"August 13, 2022",393,46,women's flyweight,3,65,completed,393,KO/TKO,1
529,"July 29, 2023",393,596,women's flyweight,3,731,completed,596,submission,3
530,"January 20, 2024",393,581,women's flyweight,3,861,completed,581,submission,3
531,"March 15, 2025",393,823,women's flyweight,3,166,completed,393,KO/TKO,1
532,"August 9, 2025",393,824,women's flyweight,3,144,completed,824,KO/TKO,1
533,"November 9, 2024",825,826,women's bantamweight,3,380,completed,826,KO/TKO,2
534,"June 21, 2015",825,827,women's bantamweight,3,900,completed,825,decision,3
535,"February 7, 2026",393,825,women's bantamweight,3,900,completed,825,decision,3
536,"October 4, 2025",829,830,bantamweight,3,900,completed,829,decision,3
537,"September 7, 2021",819,26,bantamweight,3,900,completed,26,decision,3
538,"June 3, 2023",819,423,bantamweight,3,900,completed,423,decision,3
539,"October 21, 2023",819,813,bantamweight,3,73,completed,813,submission,1
540,"June 22, 2024",819,376,bantamweight,3,900,completed,819,decision,3
541,"January 18, 2025",819,828,bantamweight,3,900,completed,819,decision,3
542,"February 7, 2026",819,829,bantamweight,3,899,completed,829,submission,3
543,"August 15, 2023",831,832,women's strawweight,3,240,completed,831,submission,1
544,"November 4, 2023",831,110,women's strawweight,3,434,completed,831,KO/TKO,2
545,"June 8, 2024",831,833,women's strawweight,3,900,completed,833,decision,3
546,"November 16, 2024",831,834,women's flyweight,3,900,completed,831,decision,3
547,"July 12, 2025",831,136,women's flyweight,3,900,completed,831,decision,3
548,"May 18, 2024",835,836,women's flyweight,3,184,completed,835,submission,1
549,"August 24, 2024",835,582,women's flyweight,3,62,completed,835,KO/TKO,1
550,"November 23, 2024",835,837,women's flyweight,3,529,completed,837,submission,2
551,"February 8, 2025",835,306,women's flyweight,3,900,completed,835,decision,3
552,"June 7, 2025",835,46,women's flyweight,3,900,completed,835,decision,3
553,"February 7, 2026",835,831,women's flyweight,3,900,completed,835,decision,3
554,"October 26, 2021",220,221,bantamweight,3,852,completed,220,submission,3
555,"March 12, 2022",220,210,bantamweight,3,900,completed,220,decision,3
556,"September 17, 2022",220,222,bantamweight,3,900,completed,220,decision,3
557,"January 14, 2023",220,13,bantamweight,3,900,completed,220,decision,3
558,"October 21, 2023",220,821,bantamweight,3,315,completed,,No Contest,2
559,"March 2, 2024",220,470,bantamweight,3,900,completed,470,decision,3
560,"February 22, 2025",220,474,bantamweight,3,238,completed,474,KO/TKO,1
561,"July 14, 2018",813,814,flyweight,3,900,completed,813,decision,3
562,"February 2, 2019",813,731,bantamweight,3,148,completed,813,KO/TKO,1
563,"December 21, 2019",813,205,bantamweight,3,900,completed,205,decision,3
564,"October 17, 2020",813,815,bantamweight,3,51,completed,813,KO/TKO,1
565,"January 22, 2022",813,262,bantamweight,3,47,completed,813,submission,1
566,"July 9, 2022",813,816,bantamweight,3,900,completed,813,decision,3
567,"December 17, 2022",813,817,bantamweight,3,530,completed,813,submission,2
568,"March 11, 2023",813,818,bantamweight,3,900,completed,818,decision,3
569,"February 1, 2025",813,820,bantamweight,3,900,completed,820,decision,3
570,"July 26, 2025",813,605,bantamweight,3,900,completed,605,decision,3
571,"February 7, 2026",950,220,bantamweight,3,900,completed,220,decision,3
572,"June 3, 2023",838,839,women's flyweight,3,105,completed,839,submission,1
573,"April 27, 2024",838,307,women's strawweight,3,900,completed,838,decision,3
574,"September 14, 2024",838,840,women's strawweight,3,182,completed,838,submission,1
575,"February 15, 2025",838,587,women's strawweight,3,900,completed,587,decision,3
576,"August 2, 2025",838,841,women's strawweight,3,900,completed,841,decision,3
577,"September 13, 2022",306,307,women's strawweight,3,573,completed,306,KO/TKO,2
578,"April 25, 2023",306,833,women's strawweight,3,462,completed,833,KO/TKO,2
579,"July 22, 2023",306,174,women's strawweight,3,900,completed,306,decision,3
580,"February 14, 2024",306,842,women's strawweight,3,900,completed,842,decision,3
581,"July 27, 2024",306,266,women's strawweight,3,900,completed,306,decision,3
582,"August 22, 2025",306,843,women's strawweight,3,900,completed,306,decision,3
583,"February 7, 2026",306,838,women's strawweight,3,900,completed,838,decision,3
584,"September 13, 2025",879,880,welterweight,3,267,completed,879,KO/TKO,1
585,"January 2, 2016",861,862,welterweight,3,900,completed,861,decision,3
586,"December 17, 2016",861,863,welterweight,3,900,completed,861,decision,3
587,"February 4, 2017",861,864,welterweight,3,600,completed,,No Contest,2
588,"September 22, 2017",861,865,welterweight,3,900,completed,865,decision,3
589,"February 18, 2018",861,866,welterweight,3,132,completed,861,submission,1
590,"July 28, 2018",861,867,welterweight,3,900,completed,867,decision,3
591,"November 24, 2018",861,868,welterweight,3,900,completed,861,decision,3
592,"March 9, 2019",861,869,welterweight,3,204,completed,861,KO/TKO,1
593,"October 12, 2019",861,870,welterweight,3,900,completed,861,decision,3
594,"February 8, 2020",861,871,welterweight,3,27,completed,871,KO/TKO,1
595,"November 14, 2020",861,872,welterweight,3,900,completed,861,decision,3
596,"December 19, 2020",861,201,welterweight,3,900,completed,201,decision,3
597,"May 8, 2021",861,197,welterweight,3,280,completed,861,KO/TKO,1
598,"September 4, 2021",861,873,welterweight,3,900,completed,861,decision,3
599,"December 4, 2021",861,305,welterweight,3,900,completed,861,decision,3
600,"July 30, 2022",861,874,welterweight,3,900,completed,861,decision,3
601,"December 10, 2022",861,875,welterweight,3,749,completed,875,KO/TKO,3
602,"May 12, 2023",861,876,welterweight,3,429,completed,861,submission,2
603,"October 7, 2023",861,335,welterweight,3,900,completed,335,decision,3
604,"April 6, 2024",861,300,welterweight,3,900,completed,861,decision,3
605,"June 1, 2024",861,864,welterweight,3,900,completed,864,decision,3
606,"October 12, 2024",861,877,welterweight,3,900,completed,877,decision,3
607,"March 8, 2025",861,878,welterweight,3,256,completed,878,KO/TKO,1
608,"February 7, 2026",861,879,welterweight,3,900,completed,879,decision,3
609,"February 22, 2025",892,890,light heavyweight,3,900,completed,890,decision,3
610,"August 9, 2025",892,153,light heavyweight,3,900,completed,892,decision,3
611,"October 29, 2011",851,881,middleweight,3,900,completed,881,decision,3
612,"January 28, 2012",851,882,middleweight,3,668,completed,882,submission,3
613,"August 4, 2020",851,883,light heavyweight,3,900,completed,851,decision,3
614,"October 31, 2020",851,884,light heavyweight,3,158,completed,851,KO/TKO,1
615,"February 27, 2021",851,885,light heavyweight,3,900,completed,851,decision,3
616,"May 1, 2021",851,521,light heavyweight,3,900,completed,,decision,3
617,"August 28, 2021",851,121,light heavyweight,3,184,completed,851,KO/TKO,1
618,"November 6, 2021",851,886,light heavyweight,3,900,completed,851,decision,3
619,"March 5, 2022",851,517,light heavyweight,3,900,completed,851,decision,3
620,"July 16, 2022",851,887,light heavyweight,3,193,completed,851,KO/TKO,1
621,"October 29, 2022",851,518,light heavyweight,3,900,completed,518,decision,3
622,"April 15, 2023",851,888,light heavyweight,3,900,completed,888,decision,3
623,"August 5, 2023",851,889,light heavyweight,3,82,completed,851,KO/TKO,1
624,"December 16, 2023",851,890,light heavyweight,3,900,completed,890,decision,3
625,"June 8, 2024",851,513,light heavyweight,3,120,completed,513,KO/TKO,1
626,"December 14, 2024",851,519,light heavyweight,3,824,completed,851,KO/TKO,3
627,"May 31, 2025",851,891,light heavyweight,3,110,completed,851,KO/TKO,1
628,"February 7, 2026",851,892,light heavyweight,3,402,completed,851,KO/TKO,2
629,"September 13, 2022",223,224,bantamweight,3,900,completed,223,decision,3
630,"March 4, 2023",223,261,bantamweight,3,900,completed,223,decision,3
631,"September 2, 2023",223,27,bantamweight,3,255,completed,223,submission,1
632,"January 13, 2024",223,225,bantamweight,3,900,completed,223,decision,3
633,"October 26, 2024",223,226,bantamweight,3,900,completed,223,decision,3
634,"October 4, 2025",223,653,bantamweight,3,900,completed,223,decision,3
635,"September 12, 2023",844,845,bantamweight,3,900,completed,844,decision,3
636,"April 6, 2024",844,846,bantamweight,3,599,completed,844,submission,2
637,"October 19, 2024",844,81,bantamweight,3,900,completed,844,decision,3
638,"February 22, 2025",844,575,bantamweight,3,900,completed,575,decision,3
639,"August 9, 2025",844,847,bantamweight,3,900,completed,844,decision,3
640,"February 7, 2026",844,223,bantamweight,3,900,completed,223,decision,3
641,"September 21, 2021",809,685,welterweight,3,900,completed,685,decision,3
642,"August 10, 2024",809,810,welterweight,3,900,completed,810,decision,3
643,"February 22, 2025",809,811,welterweight,3,553,completed,811,KO/TKO,2
644,"July 19, 2025",809,764,welterweight,3,900,completed,809,decision,3
645,"October 4, 2025",809,812,welterweight,3,900,completed,812,decision,3
646,"December 30, 2016",864,908,welterweight,3,270,completed,864,submission,1
647,"August 5, 2017",864,909,welterweight,3,104,completed,864,KO/TKO,1
648,"October 28, 2017",864,910,welterweight,3,548,completed,910,submission,2
649,"January 27, 2018",864,911,welterweight,3,561,completed,864,submission,2
650,"July 14, 2018",864,318,welterweight,3,369,completed,864,KO/TKO,2
651,"September 8, 2018",864,96,welterweight,3,43,completed,96,KO/TKO,1
652,"March 9, 2019",864,876,welterweight,3,290,completed,864,KO/TKO,1
653,"July 27, 2019",864,912,welterweight,3,459,completed,912,KO/TKO,2
654,"October 12, 2019",864,673,welterweight,3,104,completed,864,KO/TKO,1
655,"May 9, 2020",864,910,welterweight,3,817,completed,910,KO/TKO,3
656,"September 19, 2020",864,197,welterweight,3,900,completed,,decision,3
657,"July 10, 2021",864,853,welterweight,3,900,completed,853,decision,3
658,"October 2, 2021",864,324,welterweight,3,900,completed,864,decision,3
659,"December 3, 2022",864,913,welterweight,3,706,completed,913,KO/TKO,3
660,"July 8, 2023",864,914,welterweight,3,38,completed,914,KO/TKO,1
661,"October 12, 2024",864,915,welterweight,3,900,completed,915,decision,3
662,"June 28, 2025",864,916,welterweight,3,543,completed,916,submission,2
663,"February 7, 2026",864,809,welterweight,3,102,completed,809,KO/TKO,1
664,"May 4, 2019",214,215,middleweight,3,900,completed,215,decision,3
665,"July 27, 2019",214,64,middleweight,3,900,completed,64,decision,3
666,"December 21, 2019",214,856,middleweight,3,900,completed,856,decision,3
667,"June 20, 2020",214,216,middleweight,3,550,completed,,No Contest,2
668,"March 27, 2021",214,217,middleweight,3,896,completed,214,KO/TKO,3
669,"September 4, 2021",214,141,middleweight,3,900,completed,214,decision,3
670,"February 5, 2022",214,852,middleweight,3,16,completed,852,KO/TKO,1
671,"April 23, 2022",214,218,middleweight,3,156,completed,214,submission,1
672,"September 17, 2022",214,857,middleweight,3,703,completed,857,submission,3
673,"March 4, 2023",214,219,middleweight,3,552,completed,214,KO/TKO,2
674,"June 10, 2023",214,113,middleweight,3,900,completed,214,decision,3
675,"January 20, 2024",214,858,middleweight,3,900,completed,858,decision,3
676,"June 29, 2024",214,860,middleweight,3,85,completed,860,KO/TKO,1
677,"November 2, 2024",214,859,middleweight,3,268,completed,859,KO/TKO,1
678,"May 10, 2025",214,66,middleweight,3,87,completed,214,KO/TKO,1
679,"July 26, 2025",214,855,middleweight,3,900,completed,855,decision,3
680,"December 30, 2017",517,518,light heavyweight,3,900,completed,,No Contest,3
681,"February 23, 2019",517,848,light heavyweight,3,94,completed,517,KO/TKO,1
682,"April 20, 2019",517,849,light heavyweight,3,44,completed,517,KO/TKO,1
683,"September 28, 2019",517,503,light heavyweight,3,466,completed,503,submission,2
684,"February 22, 2020",517,516,light heavyweight,3,209,completed,516,submission,1
685,"October 3, 2021",517,850,light heavyweight,3,201,completed,517,KO/TKO,1
686,"August 6, 2022",517,63,light heavyweight,3,106,completed,517,KO/TKO,1
687,"April 29, 2023",517,293,light heavyweight,3,469,completed,293,submission,2
688,"August 26, 2023",517,852,middleweight,3,256,completed,517,KO/TKO,1
689,"March 9, 2024",517,853,middleweight,3,61,completed,853,submission,1
690,"June 1, 2024",517,854,middleweight,3,94,completed,854,submission,1
691,"August 3, 2024",517,855,middleweight,3,900,completed,855,decision,3
692,"April 12, 2025",517,3,middleweight,3,169,completed,517,KO/TKO,1
693,"August 16, 2025",517,460,middleweight,3,183,completed,517,KO/TKO,1
694,"February 7, 2026",517,214,middleweight,3,900,completed,517,decision,3
695,"September 28, 2021",893,894,heavyweight,3,660,completed,893,KO/TKO,3
696,"August 20, 2024",893,895,heavyweight,3,299,completed,893,KO/TKO,1
697,"June 21, 2025",893,268,heavyweight,3,900,completed,268,decision,3
698,"September 14, 2021",82,83,light heavyweight,3,409,completed,82,submission,2
699,"February 5, 2022",82,84,light heavyweight,3,177,completed,82,KO/TKO,1
700,"May 21, 2022",82,85,heavyweight,3,275,completed,82,submission,1
701,"September 10, 2022",82,86,light heavyweight,3,267,completed,82,submission,1
702,"January 21, 2023",82,87,heavyweight,3,476,completed,82,KO/TKO,2
703,"May 13, 2023",82,88,heavyweight,3,223,completed,82,submission,1
704,"March 9, 2024",82,268,heavyweight,3,336,completed,268,KO/TKO,2
705,"June 1, 2024",82,89,heavyweight,3,147,completed,82,submission,1
706,"January 18, 2025",82,613,heavyweight,3,293,completed,82,KO/TKO,1
707,"October 25, 2025",82,628,heavyweight,3,900,completed,628,decision,3
708,"February 1, 2026",82,893,heavyweight,3,900,completed,893,decision,3
709,"October 19, 2023",896,897,flyweight,3,531,completed,896,KO/TKO,2
710,"May 10, 2014",896,898,flyweight,3,900,completed,896,decision,3
711,"September 20, 2014",896,899,flyweight,3,228,completed,896,KO/TKO,1
712,"January 3, 2015",896,900,flyweight,3,900,completed,896,decision,3
713,"April 25, 2015",896,901,flyweight,5,1499,completed,901,submission,5
714,"September 26, 2015",896,902,flyweight,3,900,completed,896,decision,3
715,"May 8, 2016",896,903,flyweight,3,900,completed,896,decision,3
716,"November 19, 2016",896,904,flyweight,3,900,completed,896,decision,3
717,"November 22, 2025",896,905,flyweight,3,738,completed,896,submission,3
718,"July 18, 2020",28,29,flyweight,3,282,completed,28,submission,1
719,"January 23, 2021",28,30,flyweight,3,900,completed,28,decision,3
720,"August 20, 2022",28,31,flyweight,3,274,completed,28,submission,1
721,"December 17, 2022",28,906,flyweight,3,733,completed,28,KO/TKO,3
722,"June 3, 2023",28,32,flyweight,5,1500,completed,28,decision,5
723,"November 2, 2024",28,574,flyweight,5,1500,completed,574,decision,5
724,"February 7, 2026",28,896,flyweight,3,900,completed,896,decision,3
725,"September 26, 2023",820,907,bantamweight,3,182,completed,820,KO/TKO,1
726,"March 2, 2024",820,472,bantamweight,3,881,completed,820,KO/TKO,3
727,"June 29, 2024",820,474,bantamweight,3,900,completed,820,decision,3
728,"July 19, 2025",820,650,bantamweight,3,900,completed,820,decision,3
729,"January 19, 2019",232,567,bantamweight,3,211,completed,567,submission,1
730,"July 20, 2019",232,233,bantamweight,3,900,completed,232,decision,3
731,"February 8, 2020",232,847,bantamweight,3,401,completed,232,KO/TKO,2
732,"March 6, 2021",232,210,bantamweight,3,347,completed,210,KO/TKO,2
733,"February 19, 2022",232,146,bantamweight,3,900,completed,232,decision,3
734,"June 25, 2022",232,234,bantamweight,3,147,completed,232,submission,1
735,"November 5, 2022",232,235,bantamweight,3,294,completed,232,submission,1
736,"March 11, 2023",232,236,bantamweight,3,198,completed,232,submission,1
737,"August 19, 2023",232,261,bantamweight,3,900,completed,232,decision,3
738,"January 13, 2024",232,474,bantamweight,3,900,completed,232,decision,3
739,"October 5, 2024",232,805,bantamweight,3,900,completed,232,decision,3
740,"June 7, 2025",232,830,bantamweight,3,900,completed,232,decision,3
741,"February 7, 2026",232,820,bantamweight,5,586,completed,232,submission,2
742,"September 26, 2023",920,184,women's flyweight,3,900,completed,184,decision,3
743,"June 15, 2024",920,837,women's flyweight,3,900,completed,837,decision,3
744,"March 15, 2025",920,921,women's flyweight,3,100,completed,920,KO/TKO,1
745,"July 19, 2025",920,398,women's flyweight,3,690,completed,920,KO/TKO,3
746,"August 6, 2022",917,918,women's flyweight,3,837,completed,917,KO/TKO,3
747,"March 18, 2023",917,834,women's flyweight,3,900,completed,834,decision,3
748,"August 12, 2023",917,919,women's flyweight,3,221,completed,919,KO/TKO,1
749,"May 3, 2025",917,419,women's flyweight,3,900,completed,917,decision,3
750,"February 21, 2026",920,917,women's flyweight,3,,upcoming,,,
751,"October 15, 2024",927,928,featherweight,3,900,completed,927,decision,3
752,"May 17, 2025",927,368,featherweight,3,174,completed,927,submission,1
753,"November 1, 2025",927,929,featherweight,3,221,completed,927,submission,1
754,"August 4, 2020",679,922,lightweight,3,255,completed,679,submission,1
755,"December 5, 2020",679,923,lightweight,3,22,completed,679,KO/TKO,1
756,"June 5, 2021",679,794,lightweight,3,900,completed,794,decision,3
757,"December 18, 2021",679,924,lightweight,3,425,completed,679,submission,2
758,"April 16, 2022",679,925,lightweight,3,900,completed,679,decision,3
759,"February 23, 2023",679,926,lightweight,3,147,completed,679,KO/TKO,1
760,"November 18, 2023",679,554,lightweight,3,178,completed,554,submission,1
761,"May 31, 2025",679,206,lightweight,3,99,completed,679,submission,1
762,"February 21, 2026",927,679,featherweight,3,,upcoming,,,
763,"September 2, 2025",930,931,welterweight,3,68,completed,930,KO/TKO,1
764,"August 20, 2019",913,932,welterweight,3,616,completed,913,KO/TKO,3
765,"February 13, 2021",913,933,welterweight,3,900,completed,933,decision,3
766,"July 31, 2021",913,934,welterweight,3,561,completed,913,KO/TKO,2
767,"February 5, 2022",913,935,welterweight,3,435,completed,913,KO/TKO,2
768,"June 24, 2023",913,936,welterweight,3,900,completed,936,decision,3
769,"June 1, 2024",913,937,welterweight,3,900,completed,937,decision,3
770,"June 14, 2025",913,287,welterweight,3,843,completed,913,KO/TKO,3
771,"November 1, 2025",913,742,welterweight,3,900,completed,742,decision,3
772,"February 21, 2026",913,930,welterweight,3,,upcoming,,,
773,"November 7, 2020",302,870,welterweight,3,723,completed,870,KO/TKO,3
774,"August 21, 2021",302,303,welterweight,3,153,completed,302,submission,1
775,"January 15, 2022",302,300,welterweight,3,900,completed,300,decision,3
776,"February 26, 2022",302,304,welterweight,3,122,completed,302,submission,1
777,"May 18, 2024",302,915,welterweight,3,900,completed,915,decision,3
778,"November 16, 2024",302,305,welterweight,3,175,completed,302,KO/TKO,1
779,"May 31, 2025",302,942,welterweight,3,196,completed,302,submission,1
780,"October 4, 2025",302,811,welterweight,3,444,completed,302,submission,2
781,"June 18, 2019",812,122,middleweight,3,900,completed,812,decision,3
782,"December 14, 2019",812,216,middleweight,3,197,completed,812,KO/TKO,1
783,"January 16, 2021",812,938,middleweight,3,288,completed,812,KO/TKO,1
784,"July 24, 2021",812,59,middleweight,3,900,completed,59,decision,3
785,"February 5, 2022",812,331,middleweight,3,900,completed,331,decision,3
786,"July 16, 2022",812,141,middleweight,3,328,completed,812,KO/TKO,2
787,"January 14, 2023",812,939,middleweight,3,499,completed,939,KO/TKO,2
788,"December 2, 2023",812,859,middleweight,3,550,completed,859,submission,2
789,"June 8, 2024",812,940,welterweight,3,900,completed,812,decision,3
790,"January 11, 2025",812,941,welterweight,3,31,completed,812,KO/TKO,1
791,"February 21, 2026",812,302,welterweight,3,,upcoming,,,
792,"September 2, 2023",943,824,women's bantamweight,3,900,completed,943,decision,3
793,"April 6, 2024",943,826,women's bantamweight,3,486,completed,943,KO/TKO,2
794,"September 28, 2024",943,426,women's bantamweight,3,900,completed,426,decision,3
795,"April 12, 2025",943,944,women's bantamweight,3,472,completed,943,submission,2
796,"August 2, 2025",943,945,women's bantamweight,3,900,completed,945,decision,3
797,"January 16, 2021",824,345,women's bantamweight,3,900,completed,824,decision,3
798,"February 6, 2021",824,945,women's bantamweight,3,900,completed,945,decision,3
799,"October 23, 2021",824,946,women's bantamweight,3,900,completed,946,decision,3
800,"June 11, 2022",824,947,women's bantamweight,3,900,completed,824,decision,3
801,"July 30, 2022",824,396,women's bantamweight,3,900,completed,824,decision,3
802,"April 15, 2023",824,36,women's bantamweight,3,900,completed,824,decision,3
803,"June 1, 2024",824,948,women's bantamweight,3,900,completed,948,decision,3
804,"October 19, 2024",824,949,women's bantamweight,3,873,completed,824,submission,3
805,"April 26, 2025",824,437,women's bantamweight,3,151,completed,824,KO/TKO,1
806,"February 21, 2026",824,943,women's bantamweight,3,,upcoming,,,
807,"October 15, 2024",952,953,flyweight,3,900,completed,952,decision,3
808,"April 5, 2025",952,492,flyweight,3,404,completed,492,KO/TKO,2
809,"September 13, 2025",952,10,flyweight,3,900,completed,10,decision,3
810,"September 13, 2025",951,906,flyweight,3,647,completed,951,KO/TKO,3
811,"February 21, 2026",951,952,flyweight,3,,upcoming,,,
812,"August 16, 2025",962,571,flyweight,3,484,completed,571,submission,2
813,"July 16, 2019",492,954,bantamweight,3,279,completed,492,submission,1
814,"January 18, 2020",492,234,bantamweight,3,169,completed,234,submission,1
815,"February 26, 2021",492,955,featherweight,3,26,completed,492,KO/TKO,1
816,"August 7, 2021",492,956,flyweight,3,284,completed,956,KO/TKO,1
817,"November 6, 2021",492,77,flyweight,3,900,completed,492,decison,3
818,"June 4, 2022",492,957,flyweight,3,61,completed,957,KO/TKO,1
819,"August 13, 2022",492,958,flyweight,3,179,completed,958,KO/TKO,1
820,"August 5, 2023",492,76,flyweight,3,491,completed,76,submission,2
821,"March 16, 2024",492,959,flyweight,3,267,completed,959,submission,1
822,"September 14, 2024",492,960,flyweight,3,900,completed,960,decison,3
823,"August 9, 2025",492,961,bantamweight,3,900,completed,961,decison,3
824,"February 21, 2026",492,962,flyweight,3,,upcoming,,,
825,"September 7, 2021",852,56,middleweight,3,695,completed,852,KO/TKO,3
826,"May 21, 2022",852,938,middleweight,3,288,completed,852,KO/TKO,1
827,"September 17, 2022",852,963,middleweight,3,387,completed,963,KO/TKO,2
828,"March 25, 2023",852,339,middleweight,3,900,completed,339,decision,3
829,"March 30, 2024",852,872,welterweight,3,900,completed,852,decision,3
830,"October 12, 2024",852,325,welterweight,3,900,completed,852,decision,3
831,"March 15, 2025",852,784,welterweight,3,439,completed,852,KO/TKO,2
832,"July 12, 2025",852,937,welterweight,3,69,completed,937,submission,1
833,"October 26, 2024",878,964,welterweight,3,900,completed,964,decision,3
834,"July 26, 2025",878,965,welterweight,3,42,completed,965,KO/TKO,1
835,"February 21, 2026",878,852,welterweight,3,,upcoming,,,
836,"May 18, 2019",853,966,welterweight,3,107,completed,853,KO/TKO,1
837,"September 14, 2019",853,967,welterweight,3,900,completed,957,decision,3
838,"February 15, 2020",853,453,welterweight,3,789,completed,435,disqualification,3
839,"September 5, 2020",853,968,welterweight,3,879,completed,853,submission,3
840,"December 19, 2020",853,871,welterweight,3,900,completed,853,decision,3
841,"January 22, 2022",853,340,welterweight,3,900,completed,853,decision,3
842,"May 21, 2022",853,875,welterweight,3,900,completed,853,decision,3
843,"October 14, 2023",853,748,middleweight,3,66,completed,853,KO/TKO,1
844,"May 4, 2024",853,95,middleweight,3,54,completed,853,submission,1
845,"October 19, 2024",853,857,middleweight,5,1342,completed,857,KO/TKO,5
846,"April 26, 2025",853,969,middleweight,3,900,completed,969,decision,3
847,"August 23, 2025",853,970,middleweight,3,43,completed,970,KO/TKO,1
848,"August 22, 2023",751,971,middleweight,3,74,completed,751,submission,1
849,"June 8, 2024",751,219,middleweight,3,20,completed,751,KO/TKO,1
850,"August 24, 2024",751,557,middleweight,3,900,completed,751,decision,3
851,"January 18, 2025",751,238,middleweight,3,184,completed,238,KO/TKO,1
852,"May 31, 2025",751,938,middleweight,3,900,completed,751,decision,3
853,"September 13, 2025",751,3,middleweight,3,51,completed,,No Contest,1
854,"November 8, 2025",751,972,middleweight,3,398,completed,751,submission,2
855,"February 21, 2026",751,853,middleweight,3,,upcoming,,,
856,"October 1, 2024",916,986,welterweight,3,475,completed,916,KO/TKO,2
857,"January 11, 2025",916,740,welterweight,3,73,completed,916,KO/TKO,1
858,"September 3, 2024",742,985,welterweight,3,900,completed,742,decision,3
859,"February 21, 2026",1088,916,welterweight,3,,upcoming,,,
860,"September 6, 2025",615,627,heavyweight,3,123,completed,615,KO/TKO,1
861,"May 4, 2019",613,502,heavyweight,3,50,completed,502,KO/TKO,1
862,"February 29, 2020",613,627,heavyweight,3,900,completed,627,decison,3
863,"July 18, 2020",613,987,heavyweight,3,900,completed,613,decison,3
864,"February 20, 2021",613,609,heavyweight,3,572,completed,613,KO/TKO,2
865,"June 19, 2021",613,273,heavyweight,3,900,completed,613,decison,3
866,"September 4, 2021",613,155,heavyweight,3,150,completed,155,KO/TKO,1
867,"March 5, 2022",613,782,heavyweight,3,136,completed,613,KO/TKO,1
868,"August 6, 2022",613,783,heavyweight,3,422,completed,613,KO/TKO,2
869,"September 2, 2023",613,631,heavyweight,5,524,completed,631,KO/TKO,2
870,"August 10, 2024",613,627,heavyweight,5,104,completed,613,submission,1
871,"February 21, 2026",613,615,heavyweight,3,,upcoming,,,
872,"July 25, 2017",912,973,middleweight,3,106,completed,912,KO/TKO,1
873,"February 18, 2018",912,322,welterweight,3,168,completed,912,submission,1
874,"September 8, 2018",912,974,welterweight,3,383,completed,912,KO/TKO,2
875,"January 19, 2019",912,975,welterweight,3,900,completed,912,decision,3
876,"December 14, 2019",912,976,welterweight,3,90,completed,912,KO/TKO,1
877,"December 19, 2020",912,977,welterweight,5,1500,completed,977,decision,5
878,"May 8, 2021",912,936,welterweight,3,900,completed,936,decision,3
879,"December 11, 2021",912,875,welterweight,3,900,completed,912,decision,3
880,"August 6, 2022",912,910,welterweight,3,721,completed,912,KO/TKO,3
881,"May 4, 2023",912,978,welterweight,3,857,completed,978,submission,3
882,"February 17, 2024",912,979,welterweight,3,900,completed,979,decision,3
883,"October 26, 2024",912,776,welterweight,3,90,completed,912,KO/TKO,1
884,"August 16, 2025",912,980,welterweight,3,299,completed,980,KO/TKO,1
885,"August 4, 2020",941,981,lightweight,3,132,completed,941,KO/TKO,1
886,"March 6, 2021",941,982,lightweight,3,100,completed,941,KO/TKO,1
887,"September 25, 2021",941,763,lightweight,3,241,completed,763,submission,1
888,"May 21, 2022",941,457,lightweight,3,485,completed,941,KO/TKO,2
889,"July 29, 2023",941,874,welterweight,3,756,completed,941,KO/TKO,3
890,"November 18, 2023",941,983,welterweight,3,552,completed,983,submission,2
891,"April 27, 2024",941,876,welterweight,3,129,completed,941,KO/TKO,1
892,"August 9, 2025",941,984,welterweight,3,63,completed,941,KO/TKO,1
893,"November 8, 2025",941,965,welterweight,3,63,completed,941,KO/TKO,1
894,"February 21, 2026",941,912,welterweight,3,,upcoming,,,
895,"July 25, 2017",798,994,featherweight,3,803,completed,798,submission,3
896,"January 20, 2018",798,651,featherweight,3,900,completed,651,decision,3
897,"June 9, 2018",798,995,featherweight,3,50,completed,798,KO/TKO,1
898,"December 15, 2018",798,996,featherweight,3,900,completed,798,decision,3
899,"March 16, 2019",798,997,featherweight,3,77,completed,798,submission,1
900,"June 22, 2019",798,998,featherweight,3,900,completed,798,decision,3
901,"February 8, 2020",798,999,featherweight,3,900,completed,798,decision,3
902,"May 16, 2020",798,188,featherweight,3,900,completed,798,decision,3
903,"July 15, 2020",798,599,featherweight,5,1500,completed,599,decision,5
904,"March 13, 2021",798,796,featherweight,3,22,completed,798,KO/TKO,1
905,"June 19, 2021",798,806,featherweight,5,1500,completed,806,decision,5
906,"December 11, 2021",798,537,featherweight,3,900,completed,537,decision,3
907,"June 4, 2022",798,601,featherweight,3,900,completed,601,decision,3
908,"January 14, 2023",798,552,featherweight,3,553,completed,798,KO/TKO,2
909,"June 10, 2023",798,1000,featherweight,3,900,completed,798,decision,3
910,"September 23, 2023",798,605,featherweight,3,900,completed,605,decision,3
911,"February 10, 2024",798,535,featherweight,3,163,completed,798,KO/TKO,1
912,"October 26, 2024",798,1001,featherweight,3,900,completed,1001,decision,3
913,"April 12, 2025",798,1002,featherweight,3,673,completed,798,KO/TKO,3
914,"July 19, 2025",798,1003,featherweight,3,900,completed,1003,decision,3
915,"January 21, 2023",988,539,lightweight,3,900,completed,539,decision,3
916,"July 15, 2023",988,989,featherweight,3,900,completed,988,decision,3
917,"December 9, 2023",988,990,featherweight,3,361,completed,990,KO/TKO,2
918,"June 15, 2024",988,991,featherweight,3,710,completed,988,submission,3
919,"February 22, 2025",988,535,featherweight,3,270,completed,988,submission,1
920,"March 29, 2025",988,992,featherweight,3,900,completed,988,decision,3
921,"May 17, 2025",988,993,featherweight,3,900,completed,988,decision,3
922,"December 13, 2025",988,439,featherweight,3,74,completed,988,KO/TKO,1
923,"February 21, 2026",988,798,featherweight,3,,upcoming,,,
924,"June 19, 2018",857,218,middleweight,3,40,completed,,No Contest,1
925,"February 2, 2019",857,115,middleweight,3,367,completed,115,submission,2
926,"August 31, 2019",857,856,middleweight,3,579,completed,857,submission,2
927,"May 16, 2020",857,854,middleweight,3,39,completed,854,KO/TKO,1
928,"February 13, 2021",857,750,middleweight,3,413,completed,857,submission,2
929,"April 9, 2022",857,1004,middleweight,3,900,completed,857,decision,3
930,"May 20, 2023",857,1005,middleweight,3,661,completed,857,KO/TKO,3
931,"February 17, 2024",857,939,middleweight,3,503,completed,857,submission,2
932,"February 22, 2025",857,59,middleweight,3,900,completed,857,decision,3
933,"August 9, 2025",857,1006,middleweight,5,1065,completed,857,submission,4
934,"March 15, 2014",1007,1008,middleweight,3,273,completed,1007,submission,1
935,"May 31, 2014",1007,1009,middleweight,3,900,completed,1007,decision,3
936,"February 22, 2015",1007,875,welterweight,3,900,completed,875,decision,3
937,"July 15, 2015",1007,1010,welterweight,3,900,completed,1007,decision,3
938,"February 21, 2016",1007,1011,welterweight,3,865,completed,1007,KO/TKO,3
939,"June 4, 2016",1007,61,welterweight,3,900,completed,1007,decision,3
940,"April 8, 2017",1007,1012,welterweight,3,900,completed,1012,decision,3
941,"November 11, 2017",1007,300,welterweight,3,900,completed,1007,decision,3
942,"May 12, 2018",1007,784,welterweight,3,220,completed,784,KO/TKO,1
943,"October 27, 2018",1007,1013,welterweight,3,490,completed,1007,KO/TKO,2
944,"October 31, 2020",1007,1014,middleweight,3,900,completed,1007,decision,3
945,"November 14, 2020",1007,59,middleweight,3,392,completed,1007,KO/TKO,2
946,"May 1, 2021",1007,64,middleweight,3,900,completed,1007,decision,3
947,"July 31, 2021",1007,1015,middleweight,5,1500,completed,1007,decision,5
948,"February 5, 2022",1007,1016,middleweight,5,1500,completed,1007,decision,5
949,"July 2, 2022",1007,1017,middleweight,3,156,completed,1017,KO/TKO,1
950,"December 17, 2022",1007,409,middleweight,5,1500,completed,409,decision,5
951,"January 14, 2023",1007,1018,light heavyweight,5,1500,completed,1007,decision,5
952,"July 1, 2023",1007,969,middleweight,5,560,completed,1007,KO/TKO,2
953,"September 9, 2023",1007,5,middleweight,5,1500,completed,1007,decision,5
954,"January 20, 2024",1007,1019,middleweight,5,1500,completed,1019,decision,5
955,"June 1, 2024",1007,1020,middleweight,5,1500,completed,1007,decision,5
956,"February 8, 2025",1007,1019,middleweight,5,1500,completed,1007,decision,5
957,"February 21, 2026",1007,857,middleweight,5,,upcoming,,,
958,"September 26, 2023",1021,1022,featherweight,3,900,completed,1022,decision,3
959,"March 30, 2024",1021,1023,bantamweight,3,900,completed,1023,decision,3
960,"September 13, 2025",1024,1025,bantamweight,3,168,completed,1024,KO/TKO,1
961,"February 28, 2026",1024,1021,bantamweight,3,,upcoming,,,
962,"August 13, 2024",1026,4,middleweight,3,535,completed,4,KO/TKO,2
963,"October 14, 2025",1026,1027,middleweight,3,111,completed,1026,submission,1
964,"September 30, 2025",1028,1029,middleweight,3,106,completed,1028,KO/TKO,1
965,"February 28, 2026",1028,1026,middleweight,3,,upcoming,,,
966,"August 2, 2022",1030,368,featherweight,3,900,completed,1030,decision,3
967,"December 3, 2022",1030,1031,featherweight,3,374,completed,1030,KO/TKO,2
968,"April 22, 2023",1030,1032,featherweight,3,900,completed,1032,decision,3
969,"August 12, 2023",1030,929,featherweight,3,288,completed,929,KO/TKO,1
970,"August 24, 2024",1030,366,featherweight,3,900,completed,1030,decision,3
971,"March 8, 2025",1030,729,featherweight,3,900,completed,729,decision,3
972,"August 9, 2022",1033,1034,featherweight,3,92,completed,1033,KO/TKO,1
973,"December 10, 2022",1033,1035,featherweight,3,721,completed,1035,submission,3
974,"February 24, 2024",1033,730,featherweight,3,44,completed,730,KO/TKO,1
975,"February 28, 2026",1033,1030,featherweight,3,,upcoming,,,
976,"May 4, 2024",184,182,women's flyweight,3,900,completed,182,decision,3
977,"January 11, 2025",184,398,women's flyweight,3,900,completed,184,decision,3
978,"September 23, 2025",1036,1037,women's flyweight,3,900,completed,1037,decision,3
979,"February 28, 2026",1036,184,women's flyweight,3,,upcoming,,,
980,"September 23, 2025",1038,1039,featherweight,3,152,completed,1038,KO/TKO,1
981,"February 15, 2014",816,309,featherweight,3,900,completed,309,decision,3
982,"February 22, 2015",816,1040,bantamweight,3,900,completed,816,decision,3
983,"November 5, 2016",816,1041,bantamweight,3,753,completed,816,KO/TKO,3
984,"July 8, 2017",816,575,bantamweight,3,576,completed,575,submission,2
985,"February 3, 2018",816,577,bantamweight,3,900,completed,816,decision,3
986,"December 29, 2018",816,578,bantamweight,3,600,completed,578,KO/TKO,2
987,"November 16, 2019",816,1042,featherweight,3,900,completed,816,decision,3
988,"January 20, 2021",816,1001,featherweight,3,900,completed,1001,decision,3
989,"October 2, 2021",816,1043,bantamweight,3,124,completed,816,KO/TKO,1
990,"February 12, 2022",816,565,bantamweight,3,504,completed,816,submission,2
991,"May 13, 2023",816,262,bantamweight,3,900,completed,816,decision,3
992,"June 15, 2024",816,847,bantamweight,3,900,completed,847,decision,3
993,"February 28, 2026",816,1038,featherweight,3,,upcoming,,,
994,"March 12, 2022",641,236,bantamweight,3,127,completed,236,KO/TKO,1
995,"June 14, 2025",641,1044,bantamweight,3,157,completed,1044,KO/TKO,1
996,"October 26, 2021",1045,1046,bantamweight,3,900,completed,1045,decision,3
997,"September 3, 2022",1045,208,bantamweight,3,195,completed,1045,KO/TKO,1
998,"June 17, 2023",1045,376,bantamweight,3,145,completed,376,submission,1
999,"February 24, 2024",1045,205,bantamweight,3,724,completed,205,submission,3
1000,"February 28, 2026",1045,641,bantamweight,3,,upcoming,,,
1001,"November 3, 2018",443,444,women's featherweight,3,431,completed,443,submission,2
1002,"March 2, 2019",443,395,women's bantamweight,3,109,completed,443,KO/TKO,1
1003,"May 4, 2019",443,130,women's bantamweight,3,342,completed,443,KO/TKO,2
1004,"September 28, 2019",443,347,women's bantamweight,3,900,completed,347,decision,3
1005,"February 15, 2020",443,445,women's bantamweight,3,900,completed,443,decision,3
1006,"March 20, 2021",443,129,women's bantamweight,3,900,completed,443,decision,3
1007,"December 18, 2021",443,668,women's bantamweight,3,487,completed,668,submission,2
1008,"May 7, 2022",443,1047,women's bantamweight,3,900,completed,443,decision,3
1009,"September 10, 2022",443,33,women's bantamweight,3,841,completed,33,KO/TKO,3
1010,"March 16, 2024",443,444,women's bantamweight,3,234,completed,443,submission,1
1011,"June 29, 2024",443,341,women's bantamweight,3,418,completed,443,KO/TKO,2
1012,"May 31, 2025",443,656,women's bantamweight,3,900,completed,656,decision,3
1013,"October 4, 2025",443,1048,women's bantamweight,3,900,completed,1048,decision,3
1014,"September 3, 2022",948,346,women's bantamweight,3,594,completed,346,submission,2
1015,"July 15, 2023",948,1049,women's bantamweight,3,900,completed,948,decision,3
1016,"November 18, 2023",948,36,women's bantamweight,3,900,completed,948,decision,3
1017,"Septemner 28, 2024",948,1050,women's bantamweight,3,232,completed,948,submission,1
1018,"January 18, 2025",948,945,women's bantamweight,3,900,completed,948,decision,3
1019,"February 28, 2026",948,443,women's bantamweight,3,,upcoming,,,
1020,"October 3, 2023",557,1051,light heavyweight,3,900,completed,1051,decision,3
1021,"September 13, 2025",557,938,middleweight,3,241,completed,938,submission,1
1022,"August 26, 2023",1052,1053,middleweight,3,171,completed,1052,KO/TKO,1
1023,"February 28, 2026",1052,557,middleweight,3,,upcoming,,,
1024,"August 8, 2023",291,292,flyweight,3,900,completed,291,decision,3
1025,"November 11, 2023",291,496,flyweight,3,900,completed,496,decision,3
1026,"May 4, 2024",291,906,flyweight,3,455,completed,906,KO/TKO,2
1027,"March 29, 2025",291,960,flyweight,3,900,completed,291,decision,3
1028,"August 23, 2025",291,497,flyweight,3,900,completed,497,decision,3
1029,"October 7, 2025",1054,1055,flyweight,3,132,completed,1054,KO/TKO,1
1030,"February 28, 2026",1054,291,flyweight,3,,upcoming,,,
1031,"January 31, 2024",353,496,flyweight,3,571,completed,496,KO/TKO,2
1032,"January 11, 2025",353,78,flyweight,3,124,completed,353,submission,1
1033,"August 2, 2025",353,494,flyweight,3,900,completed,494,decision,3
1034,"August 9, 2022",433,421,flyweight,3,900,completed,421,decision,3
1035,"July 8, 2023",433,489,flyweight,3,900,completed,489,decision,3
1036,"September 16, 2023",433,434,flyweight,3,227,completed,,No Contest,1
1037,"February 24, 2024",433,434,flyweight,3,137,completed,433,submission,1
1038,"September 14, 2023",433,496,flyweight,3,900,completed,496,decision,3
1039,"March 29, 2025",433,77,flyweight,3,150,completed,433,submission,1
1040,"February 28, 2026",433,353,flyweight,3,,upcoming,,,
1041,"January 24, 2009",681,1056,lightweight,3,295,completed,1056,submission,1
1042,"February 2, 2013",681,1057,lightweight,3,825,completed,681,submission,3
1043,"November 6, 2013",681,1058,lightweight,3,230,completed,681,KO/TKO,1
1044,"December 14, 2013",681,1059,lightweight,3,900,completed,681,decision,3
1045,"July 26, 2014",681,1060,lightweight,3,900,completed,681,decision,3
1046,"November 22, 2014",681,188,lightweight,3,900,completed,188,decision,3
1047,"June 4, 2016",681,436,lightweight,3,173,completed,436,KO/TKO,1
1048,"April 15, 2017",681,346,lightweight,3,900,completed,346,decision,3
1049,"October 7, 2017",681,1061,lightweight,3,900,completed,,decision,3
1050,"January 27, 2018",681,1062,lightweight,3,900,completed,681,decision,3
1051,"December 15, 2018",681,1063,lightweight,3,900,completed,1063,decision,3
1052,"November 16, 2019",681,326,lightweight,3,900,completed,326,decision,3
1053,"June 20, 2020",681,690,lightweight,3,900,completed,681,decision,3
1054,"August 1, 2020",681,1061,lightweight,3,900,completed,681,decision,3
1055,"September 12, 2020",681,540,lightweight,3,900,completed,681,decision,3
1056,"October 31, 2020",681,539,lightweight,3,900,completed,539,decision,3
1057,"November 6, 2021",681,447,lightweight,3,145,completed,681,KO/TKO,1
1058,"February 12, 2022",681,765,lightweight,3,900,completed,681,decision,3
1059,"February 26, 2022",681,793,lightweight,5,203,completed,793,KO/TKO,1
1060,"December 17, 2022",681,546,lightweight,3,465,completed,546,KO/TKO,2
1061,"April 22, 2023",681,680,lightweight,3,275,completed,,No Contest,1
1062,"July 29, 2023",681,200,lightweight,3,894,completed,681,submission,3
1063,"October 7, 2023",681,1064,lightweight,5,33,completed,681,KO/TKO,1
1064,"December 2, 2023",681,763,lightweight,3,169,completed,763,KO/TKO,1
1065,"April 13, 2024",681,551,lightweight,3,900,completed,681,decision,3
1066,"December 13, 2025",681,1065,lightweight,3,900,completed,681,decision,3
1067,"September 28, 2021",544,90,lightweight,3,900,completed,544,decision,3
1068,"September 17, 2022",544,925,lightweight,3,900,completed,925,decision,3
1069,"April 15, 2023",544,1061,lightweight,3,900,completed,544,decision,3
1070,"September 16, 2023",544,173,lightweight,3,506,completed,544,submission,2
1071,"February 24, 2024",544,764,lightweight,3,900,completed,544,decision,3
1072,"September 14, 2024",544,1066,lightweight,3,900,completed,1066,decision,3
1073,"February 28, 2026",544,681,lightweight,3,,upcoming,,,
1074,"October 1, 2024",1067,1068,bantamweight,3,900,completed,1067,decision,3
1075,"March 29, 2025",1067,1069,bantamweight,3,278,completed,1067,KO/TKO,1
1076,"September 13, 2025",1067,575,bantamweight,3,900,completed,1067,decision,3
1077,"November 15, 2014",577,569,bantamweight,3,900,completed,569,decision,3
1078,"August 8, 2015",577,1070,bantamweight,3,435,completed,577,submission,2
1079,"February 27, 2016",577,1071,bantamweight,3,900,completed,1071,decision,3
1080,"November 26, 2016",577,1072,bantamweight,3,900,completed,577,decision,3
1081,"March 18, 2017",577,1073,bantamweight,3,830,completed,577,KO/TKO,3
1082,"July 22, 2017",577,234,bantamweight,3,138,completed,577,submission,1
1083,"October 28, 2017",577,1074,bantamweight,3,900,completed,1074,decision,3
1084,"August 8, 2018",577,1075,bantamweight,3,593,completed,577,KO/TKO,2
1085,"November 17, 2018",577,236,bantamweight,3,391,completed,577,submission,2
1086,"March 23, 2019",577,1076,bantamweight,3,85,completed,577,KO/TKO,1
1087,"July 6, 2019",577,1077,bantamweight,3,505,completed,577,submission,2
1088,"October 12, 2019",577,1078,bantamweight,3,797,completed,577,KO/TKO,3
1089,"December 19, 2020",577,805,bantamweight,3,900,completed,805,decision,3
1090,"June 19, 2021",577,1071,bantamweight,3,900,completed,577,decision,3
1091,"November 6, 2021",577,1079,bantamweight,3,830,completed,577,KO/TKO,3
1092,"April 30, 2022",577,575,bantamweight,5,1500,completed,577,decision,5
1093,"August 12, 2022",577,1080,bantamweight,5,1037,completed,577,KO/TKO,4
1094,"March 25, 2023",577,567,bantamweight,5,1500,completed,567,decision,5
1095,"August 19, 2023",577,643,bantamweight,3,900,completed,577,decision,3
1096,"October 18, 2025",577,470,bantamweight,3,900,completed,470,decision,3
1097,"February 28, 2026",577,1067,bantamweight,3,,upcoming,,,
1098,"August 14, 2024",499,1081,flyweight,3,145,completed,499,KO/TKO,1
1099,"November 23, 2024",499,1082,flyweight,3,900,completed,499,decision,3
1100,"March 22, 2025",499,1083,flyweight,3,900,completed,499,decision,3
1101,"October 1, 2016",574,1084,flyweight,3,143,completed,574,submission,1
1102,"December 3, 2016",574,22,flyweight,3,900,completed,574,decision,3
1103,"April 22, 2017",574,1085,flyweight,3,546,completed,574,submission,2
1104,"August 5, 2017",574,378,flyweight,5,1500,completed,378,decision,5
1105,"May 19, 2018",574,487,flyweight,3,900,completed,487,decision,3
1106,"September 21, 2019",574,1086,flyweight,3,900,completed,,decision,3
1107,"December 14, 2019",574,32,flyweight,3,900,completed,574,decision,3
1108,"March 14, 2020",574,485,flyweight,3,900,completed,574,decision,3
1109,"November 21, 2020",574,1087,flyweight,3,299,completed,574,KO/TKO,1
1110,"July 30, 2022",574,32,flyweight,5,874,completed,574,KO/TKO,3
1111,"July 8, 2023",574,487,flyweight,5,1500,completed,487,decision,5
1112,"February 24, 2024",574,1087,flyweight,5,1500,completed,1087,decision,5
1113,"March 29, 2025",574,961,flyweight,5,1500,completed,574,decision,5
1114,"December 6, 2025",574,489,flyweight,3,444,completed,489,KO/TKO,2
1115,"February 28, 2026",574,499,flyweight,5,,upcoming,,,