Fighter_ID,Fighter_Name,Height,Reach,Stance,Weight_Class,Date_of_Birth,Country,Active_Status
1,Darion Abbey,6'2'',80'',orthodox,heavyweight,"February 25, 1993",USA,No
2,Donte Johnson,5'8'',74'',southpaw,middleweight,"January 25, 1999",USA,Yes
3,Sedriques Dumas,6'2'',79'',orthodox,middleweight,August 6. 1995,USA,Yes
4,Mansur-Abdul Malik,6'2'',80'',orthodox,middleweight,"October 7, 1997",USA,Yes
5,Israel Adesanya,6'4'',80'',switch,middleweight,"July 22, 1989",Nigeria,Yes
6,Rob Wilkinson,6'3'',80'',orthodox,middleweight,"February 22, 1992",Australia,No
7,Derek Brunson,6'1'',77'',southpaw,middleweight,"January 4, 1984",USA,No
8,Anderson Silva,6'2'',77'',southpaw,middleweight,"April 14, 1975",Brazil,No
9,Yoel Romero,6'0'',73'',southpaw,middleweight,"April 30, 1977",Cuba,No
10,Jesus Aguilar,5'4'',62'',orthodox,flyweight,"March 13, 1996",Mexico,Yes
11,Erisson Ferreira,5'6'',70'',orthodox,flyweight,"May 3, 1991",Brazil,No
12,Shannon Ross,5'6'',66'',switch,flyweight,"May 12, 1989",Australia,No
13,Mateus Mendonca,5'6'',71'',orthodox,flyweight,"January 17, 1999",Brazil,No
14,Agulali,5'9'',67'',switch,flyweight,"April 7, 2005",China,Yes
15,Mridul Saikia,5'7'',68'',orthodox,flyweight,"May 8, 1997",India,No
16,Namsari Batbayar,5'4'',68'',orthodox,flyweight,"December 29, 2000",Mongolia,Yes
17,Wataru Yamauchi,5'6'',68'',orthodox,flyweight,"June 22, 1999",Japan,No
18,Abdul-Kareem Al-Sewady,5'8'',69'',orthodox,lightweight,"April 10, 1995",Palestine,Yes
19,George Hardwick,5'10'',72'',orthodox,lightweight,"December 6, 1996",England,No
20,Alatengheili,5'5'',66'',orthodox,bantamweight,"December 14, 1991",China,Yes
21,Batgerel Danaa,5'7'',70'',orthodox,bantamweight,"July 4, 1989",Mongolia,No
22,Ryan Benoit,5'5'',68'',orthodox,bantamweight,August 25. 1989,USA,No
23,Casey Kenney,5'7'',68'',southpaw,bantamweight,"March 20, 1991",USA,No
24,Gustavo Lopez,5'5'',67'',orthodox,bantamweight,"June 27, 1989",USA,No
25,Kevin Croom,5'11'',73'',orthodox,bantamweight,"July 15, 1987",USA,No
26,Chad Anheliger,5'6'',64'',orthodox,bantamweight,"December 1, 1996",USA,No
27,Kleydson Rodrigues,5'5'',67'',orthodox,bantamweight,"October 22, 1995",Brazil,No
28,Amir Albazi,5'5'',68'',orthodox,flyweight,"October 27, 1993",Iraq,Yes
29,Malcolm Gordon,5'7'',71'',switch,flyweight,"May 19, 1990",Canada,No
30,Zhalgas Zhumagulov,5'4'',70'',switch,flyweight,"August 29, 1988",Kazakhstan,No
31,Francisco Figueiredo,5'6'',68'',southpaw,flyweight,"October 23, 1989",Brazil,No
32,Kai Kara-France,5'4'',69'',orthodox,flyweight,"March 26, 1993",New Zealand,No
33,Irene Aldana,5'9'',68'',orthodox,women's bantamweight,"March 26, 1988",Mexico,Yes
34,Leslie Smith,5'9'',66'',orthodox,women's bantamweight,"August 17, 1982",USA,No
35,Talita Bernardo,5'4'',68'',orthodox,women's bantamweight,"March 4, 1987",Brazil,No
36,Lucie Pudilova,5'8'',67'',orthodox,women's flyweight,"June 13, 1994",Czechia,No
37,Bethe Correira,5'5'',64'',orthodox,women's bantamweight,"June 22, 1983",Brazil,No
38,Vanessa Melo,5'5'',65'',orthodox,women's bantamweight,"March 27, 1988",Brazil,No
39,JJ Aldrich,5'5'',67'',southpaw,women's flyweight,"September 29, 1992",USA,Yes
40,Juliana Lima,5'5'',65'',orthodox,women's strawweight,"March 15, 1982",Brazil,No
41,Chan-Mi Jeon,5'9'',N/A,orthodox,women's strawweight,"August 28, 1997",South Korea,No
42,Danielle Taylor,5'0'',60'',orthodox,women's strawweight,"October 25, 1989",USA,No
43,Lauren Mueller,5'5'',67'',orthodox,women's flyweight,"November 15, 1991",USA,No
44,Sabina Mazo,5'7'',70'',orthodox,women's flyweight,"March 25, 1997",Colombia,No
45,Cortney Casey,5'7'',67'',orthodox,women's flyweight,"May 5, 1997",USA,No
46,Ariane da Silva,5'6'',67'',orthodox,women's flyweight,"January 26, 1994",Brazil,No
47,Liang Na,5'5'',67'',orthodox,women's flyweight,"July 27, 1996",China,No
48,Montana De La Rosa,5'7'',68'',orthodox,women's flyweight,"February 14, 1995",USA,No
49,Andrea Lee,5'6'',69'',orthodox,women's flyweight,"February 11, 1989",USA,No
50,Talita Alencar,5'1'',58'',orthodox,women's strawweight,"October 17, 1990",Brazil,Yes
51,Nurullo Aliev,5'10'',72'',orthodox,lightweight,"December 8, 2000",Tajikistan,Yes
52,Josh Wick,5'9'',69'',switch,lightweight,"October 4, 1994",USA,No
53,Rafael Alves,5'8'',68'',orthodox,lightweight,"November 14, 1990",Brazil,No
54,Joe Solecki,5'9'',70'',orthodox,lightweight,"August 27, 1993",USA,No
55,Ikram Aliskerov,6'0'',76'',orthodox,middleweight,"December 7, 1992",Russia,Yes
56,Mario Sousa,6'3'',79'',orthodox,middleweight,"October 20, 1995",Brazil,No
57,Phil Hawes,6'0'',77'',orthodox,middleweight,"January 8, 1989",USA,No
58,Warlley Alves,5'11'',72'',orthodox,middleweight,"January 4, 1991",Brazil,No
59,Brendan Allen,6'2'',75'',orthodox,middleweight,"December 28, 1995",Canada,Yes
60,Aaron Jeffrey,6'2'',73'',orthodox,middleweight,"November 14, 1991",Canada,No
61,Tom Breese,6'3'',73'',southpaw,middleweight,"September 26, 1991",England,No
62,Karl Roberson,6'1'',74'',southpaw,light heavyweight,"October 4, 1990",USA,No
63,Sam Alvey,6'2'',75'',southpaw,middleweight,"May 6, 1986",USA,No
64,Krzysztof Jotko,6'1'',77'',southpaw,middleweight,"August 19, 1989",Poland,No
65,Andre Muniz,6'1'',78'',southpaw,middleweight,"February 17, 1990",Brazil,No
66,Bruno Silva,6'0'',74'',orthodox,middleweight,"July 3, 1989",Brazil,No
67,Paul Craig,6'3'',76'',orthodox,middleweight,"November 27, 1987",Scotland,No
68,Arnold Allen,5'8'',70'',southpaw,featherweight,"January 22, 1994",England,Yes
69,Alan Omer,5'10'',N/A,orthodox,featherweight,"September 14, 1988",Germany,No
70,Yaotzin Meza,5'9'',71'',orthodox,featherweight,"February 4, 1981",USA,No
71,Makwan Amirkhani,5'10'',72'',southpaw,featherweight,"November 8, 1988",Finland,No
72,Mads Burnell,5'8'',69'',orthodox,featherweight,"March 6, 1994",Denmark,No
73,Jordan Rinaldi,5'10'',72'',orthodox,featherweight,"September 25, 1987",USA,No
74,Gilbert Melendez,5'9'',73'',orthodox,featherweight,"April 12, 1982",USA,No
75,Nick Lentz,5'8'',68'',orthodox,featherweight,"August 13, 1984",USA,No
76,Asu Almabayev,5'4'',65'',orthodox,flyweight,"January 25, 1994",Kazakhstan,Yes
77,CJ Vergara,5'6'',68'',orthodox,flyweight,"June 18, 1991",USA,No
78,Jose Johnson,6'0'',71'',orthodox,flyweight,"May 20, 1995",USA,No
79,Matheus Nicolau,5'6'',66'',orthodox,flyweight,"January 6, 1993",Brazil,No
80,Bekzat Almakhan,5'7'',68'',orthodox,bantamweight,"October 8, 1997",Kazakhstan,Yes
81,Brad Katona,5'6'',64'',orthodox,bantamweight,"December 19, 1991",Canada,No
82,Jailton Almeida,6'3'',79'',orthodox,heavyweight,"June 26, 1991",Brazil,No
83,Nasrudin Nasrudinov,6'0'',71'',orthodox,light heavyweight,"October 6, 1991",Russia,No
84,Danilo Marques,6'6'',77'',orthodox,light heavyweight,"December 26, 1985",Brazil,No
85,Parker Porter,6'0'',75'',orthodox,heavyweight,"April 22, 1985",USA,No
86,Anton Turkalj,6'4'',78'',orthodox,light heavyweight,"June 10, 1996",Sweden,No
87,Shamil Abdurakhimov,6'3'',76'',orthodox,heavyweight,"September 2, 1981",Russia,No
88,Jairzinho Rozenstruik,6'2'',78'',orthodox,heavyweight,"March 17, 1998",Suriname,No
89,Alexandr Romanov,6'2'',75'',southpaw,heavyweight,"December 11, 1990",Moldova,No
90,Lucas Almeida,5'11'',71'',orthodox,featherweight,"January 31, 1991",Brazil,No
91,Michael Trizano,5'11'',71'',orthodox,featherweight,"December 31, 1991",USA,No
92,Cesar Almeida,6'1'',74'',orthodox,middleweight,"March 28, 1988",Brazil,Yes
93,Lucas Fernando,6'3'',80'',orthodox,middleweight,"January 10, 1997",Brazil,No
94,Dylan Budka,6'0'',75'',switch,middleweight,"January 14, 2000",USA,No
95,Ihor Potieria,6'3'',75'',southpaw,middleweight,"May 29, 1996",Ukraine,No
96,Abdul Razak-Alhassan,5'10'',73'',orthodox,middleweight,"August 11, 1985",Ghana,No
97,Joel Alvarez,6'3'',77'',orthodox,welterweight,"March 2, 1993",Spain,Yes
98,Damir Ismagulov,5'10'',74'',orthodox,lightweight,"February 3, 1991",Kazakhstan,No
99,Danilo Belluardo,6'0'',74'',southpaw,lightweight,"July 21, 1994",Italy,No
100,Joe Duffy,5'10'',73'',orthodox,lightweight,"February 18, 1988",Ireland,No
101,Alexander Yakovlev,6'3'',74'',southpaw,lightweight,"July 18, 1984",Russia,No
102,Marc Diakiese,5'10'',73'',orthodox,lightweight,"March 16, 1993",Democratic Republic of Congo,No
103,Christopher Alvidrez,6'0'',74'',orthodox,welterweight,"December 27, 1996",USA,Yes
104,Eliezer Kubanza,5'9'',74'',orthodox,welterweight,"December 23, 1997",Democratic Republic of Congo,No
105,Mahamed Aly,6'2'',78'',orthodox,light heavyweight,"January 11, 1994",Brazil,No
106,Hyder Amil,5'9'',70'',switch,featherweight,"May 28, 1990",The Philippines,Yes
107,Emrah Sonmez,5'10'',71'',orthodox,featherweight,"June 26, 1992",USA,No
108,Fernie Garcia,5'7'',67'',orthodox,featherweight,"April 12, 1992",USA,No
109,Jaqueline Amorim,5'3'',68'',orthodox,women's strawweight,"June 24, 1995",Brazil,Yes
110,Montserrat Conejo Ruiz,5'0'',61'',southpaw,women's strawweight,"February 3, 1993",Mexico,Yes
111,Cory McKenna,5'3'',58'',orthodox,women's strawweight,"July 11, 1999",Wales,No
112,Yaroslav Amosov,6'0'',75'',orthodox,welterweight,"September 9, 1993",Ukraine,Yes
113,Eryk Anders,6'1'',75'',southpaw,middleweight,"April 21, 1987",USA,Yes
114,Rafael Natal,6'0'',77'',orthodox,middleweight,"December 25, 1982",Brazil,No
115,Markus Perez,6'1'',73'',orthodox,middleweight,"June 22, 1988",Brazil,No
116,Lyoto Machida,6'1'',74'',southpaw,middleweight,"May 30, 1978",Brazil,No
117,Tim Williams,6'2'',76'',orthodox,middleweight,"July 3, 1986",USA,No
118,Thiago Santos,6'2'',76'',orthodox,light heavyweight,"January 7, 1984",Brazil,No
119,Elias Theodorou,6'1'',75'',orthodox,middleweight,"May 31, 1988",Canada,No
120,Vinicius Moreira,6'4'',76'',orthodox,light heavyweight,"February 28, 1989",Brazil,No
121,Darren Stewart,6'0'',74'',orthodox,light heavyweight,"December 30, 1990",England,No
122,Jamie Pickett,6'2'',80'',orthodox,middleweight,"August 29, 1988",USA,No
123,Chris Weidman,6'2'',78'',orthodox,middleweight,"June 17, 1984",USA,No
124,Tatsuya Ando,5'4'',68'',southpaw,featherweight,"April 26, 1990",Japan,No
125,Jessica Andrade,5'1'',62'',orthodox,women's strawweight,"September 25, 1991",Brazil,Yes
126,Liz Carmouche,5'6'',66'',orthodox,women's flyweight,"February 19, 1984",USA,No
127,Rosi Sexton,5'3'',N/A,orthodox,women's bantamweight,"July 16, 1977",England,No
128,Larissa Pachecho,5'7'',N/A,orthodox,women's bantamweight,"September 7, 1994",Brazil,No
129,Marion Reneau,5'6'',68'',orthodox,women's bantamweight,"June 20, 1977",Belize,No
130,Sarah Moras,5'7'',67'',orthodox,women's bantamweight,"April 30, 1988",Canada,No
131,Jessica Penne,5'5'',67'',orthodox,women's strawweight,"January 30, 1983",Brazil,No
132,Joanne Wood,5'6'',65'',orthodox,women's flyweight,"December 23, 1985",Scotland,No
133,Joanna Jedrzejczyk,5'6'',65'',orthodox,women's strawweight,"August 18, 1987",Poland,No
134,Claudia Gadelha,5'4'',63'',orthodox,women's strawweight,"December 7, 1988",Brazil,No
135,Cynthia Calvillo,5'4'',64'',orthodox,women's strawweight,"July 13, 1987",USA,No
136,Lauren Murphy,5'5'',67'',orthodox,women's flyweight,"July 27, 1983",USA,No
137,Magomed Ankalaev,6'3'',75'',orthodox,light heavyweight,"June 2, 1992",Russia,Yes
138,Jesse Strader,5'7'',70'',orthodox,bantamweight,"May 29, 1992",USA,No
139,Charalampos Grigoriou,5'7'',67'',orthodox,bantamweight,"March 31, 1992",Cyprus,No
140,Klidson Abreu,6'0'',74'',orthodox,light heavyweight,"December 24, 1992",USA,No
141,Dalcha Lungiambula,5'8'',76'',orthodox,middleweight,"July 31, 1987",Democratic Republic of Congo,No
142,Jin Aoi,5'6'',68'',orthodox,featherweight,"January 21, 1997",Japan,No
143,Aoriqileng,5'7'',69'',orthodox,bantamweight,"June 25, 1993",China,Yes
144,Jeff Molina,5'6'',69'',orthodox,flyweight,"July 17, 1997",USA,No
145,Cameron Else,5'9'',71'',switch,bantamweight,"April 27, 1987",England,No
146,Jay Perrin,5'7'',67'',switch,bantamweight,"June 15, 1993",USA,No
147,Johnny Munoz,5'9'',71'',orthodox,bantamweight,"February 16, 1993",USA,No
148,Alice Ardelean,5'3'',62'',orthodox,women's strawweight,"April 19, 1992",Romania,Yes
149,Melissa Martinez,5'2'',66'',southpaw,women's strawweight,"August 18, 1997",Mexico,No
150,Garrett Armfield,5'6'',70'',orthodox,bantamweight,"October 9, 1996",USA,Yes
151,Kai Asakura,5'8'',69'',orthodox,flyweight,"October 31, 1993",Japan,Yes
152,Ibo Aslan,6'3'',77'',orthodox,light heavyweight,"April 23, 1996",Turkey,Yes
153,Rafael Cerqueira,6'3'',76'',southpaw,light heavyweight,"March 15, 1990",Brazil,No
154,Paulo Renato Junior,6'0'',73'',orthodox,light heavyweight,"January 25, 1994",Brazil,No
155,Tom Aspinall,6'5'',78'',orthodox,heavyweight,"April 11, 1993",England,Yes
156,Jake Collier,6'3'',78'',orthodox,heavyweight,"October 25, 1988",USA,No
157,Alan Baudot,6'3'',79'',orthodox,heavyweight,"February 1, 1988",France,No
158,Andrei Arlovski,6'3'',77'',orthodox,heavyweight,"February 04, 1979",Belarus,No
159,Steven Asplund,6'5'',78'',orthodox,heavyweight,"July 16, 1998",USA,Yes
160,Anthony Guarascio,6'2'',72'',orthodox,heavyweight,"February 26, 1994",USA,No
161,Michael Aswell Jr.,5'8'',69'',orthodox,featherweight,"September 27, 2000",USA,Yes
162,Ottman Azaitar,5'8'',71'',switch,lightweight,"February 20, 1990",Morocco,Yes
163,Teemu Packalen,6'1'',75'',orthodox,lightweight,"May 22, 1987",Finland,No
164,Khama Worthy,5'11'',74'',orthodox,lightweight,"October 15, 1986",USA,No
165,Melsik Baghdasaryan,5'9'',70'',southpaw,featherweight,"January 28, 1992",Armenia,Yes
166,Collin Anglin,5'9'',71'',orthodox,featherweight,"February 20, 1993",USA,No
167,Bruno Souza,5'10'',70'',orthodox,featherweight,"March 7, 1996",Brazil,No
168,Tucker Lutz,5'8'',72'',orthodox,featherweight,"July 12, 1994",USA,No
169,Ignacio Bahamondes,6'3'',75'',orthodox,lightweight,"August 27, 1997",Chile,Yes
170,Edson Gomez,5'8'',69'',switch,welterweight,"February 23, 1991",Brazil,No
171,John Makdessi,5'8'',68'',orthodox,lightweight,"May 3, 1985",Canada,No
172,Roosevelt Roberts,6'2'',73'',orthodox,lightweight,"February 11, 1994",USA,No
173,Christos Giagos,5'10'',71'',orthodox,lightweight,"January 23, 1990",Brazil,No
174,Shauna Bannon,5'5'',65'',switch,women's strawweight,"October 23, 1993",Ireland,Yes
175,Iwo Baraniewski,6'0'',73'',orthodox,light heavyweight,"November 20, 1998",Poland,Yes
176,Maycee Barber,5'5'',65'',switch,women's flyweight,"May 18, 1998",USA,Yes
177,Jamie Colleen,5'3'',65'',orthodox,women's strawweight,"November 2, 1985",USA,No
178,Hannah Cifers,5'1'',62'',orthodox,women's strawweight,"July 26, 1992",USA,No
179,Roxanne Modafferi,5'7'',69'',orthodox,women's flyweight,"September 24, 1982",USA,No
180,Jessica Eye,5'6'',66'',orthodox,women's flyweight,"July 27, 1986",USA,No
181,Djani Barbir,6'3'',79'',orthodox,middleweight,"August 9, 1997",Croatia,No
182,Dione Barbosa,5'6'',66'',orthodox,women's flyweight,"May 8, 1992",Brazil,Yes
183,Rainn Gurrero,5'6'',65'',orthodox,women's flyweight,"May 13, 1992",USA,No
184,Ernesta Kareckaite,5'9'',71'',orthodox,women's flyweight,"July 5, 1998",Lithuania,Yes
185,Diana Belbita,5'7'',68'',orthodox,women's flyweight,"June 26, 1996",Romania,No
186,Marcio Barbosa,5'6'',70'',orthodox,featherweight,"May 22, 1998",Brazil,Yes
187,Damon Wilson,5'9'',69'',switch,featherweight,"April 29, 1993",USA,No
188,Edson Barboza,5'11'',75'',orthodox,lightweight,"January 21, 1986",Brazil,Yes
189,Mike Lullo,5'8'',N/A,orthodox,featherweight,"July 24, 1979",USA,No
190,Anthony Njokuani,6'1'',75'',orthodox,lightweight,"March 1, 1980",USA,No
191,Ross Pearson,5'8'',69'',orthodox,lightweight,"September 26, 1984",England,No
192,Jamie Varner,5'8'',71'',orthodox,lightweight,"October 12, 1984",USA,No
193,Terry Etim,6'1'',73'',orthodox,lightweight,"January 11, 1986",England,No
194,Lucas Martins,6'0'',72'',southpaw,featherweight,"November 11, 1988",Brazil,No
195,Rafaello Oliveira,5'8'',71'',orthodox,lightweight,"January 26, 1982",Brazil,No
196,Danny Castillo,5'9'',71'',orthodox,lightweight,"August 25, 1979",USA,No
197,Donald Cerrone,6'1'',73'',orthodox,lightweight,"March 29, 1983",USA,No
198,Evan Dunham,5'10'',70'',southpaw,lightweight,"December 18, 1981",USA,No
199,Paul Felder,5'11'',70'',orthodox,lightweight,"April 25, 1984",USA,No
200,Tony Ferguson,5'11'',76'',orthodox,lightweight,"February 12, 1984",USA,No
201,Anthony Pettis,5'10'',72'',orthodox,lightweight,"January 27, 1987",USA,No
202,Khabib Nurmagomedov,5'10'',70'',orthodox,lightweight,"September 20, 1988",Russia,No
203,Kevin Lee,5'9'',77'',orthodox,welterweight,"September 4, 1992",USA,No
204,Shane Burgos,5'11'',75'',orthodox,featherweight,"March 19, 1991",USA,No
205,Raoni Barcelos,5'7'',67'',orthodox,bantamweight,"May 1, 1997",Brazil,No
206,Kurt Holobaugh,5'11'',70'',orthodox,lightweight,"September 8, 1986",USA,No
207,Carlos Huachin,5'4'',67'',southpaw,bantamweight,"June 4, 1986",Peru,No
208,Khalid Taha,5'5'',69'',orthodox,bantamweight,"February 15, 1992",Germany,No
209,Timur Valiev,5'6'',67'',orthodox,bantamweight,"January 19, 1990",Russia,No
210,Trevin Jones,5'7'',70'',southpaw,bantamweight,"August 4, 1990",Guam,No
211,Daniel Barez,5'6'',66'',orthodox,flyweight,"December 10, 1988",Spain,Yes
212,Carlos Hernandez,5'8'',67'',orthodox,flyweight,"October 25, 1993",Mexico,No
213,Victor Altamirano,5'8'',70'',switch,flyweight,"January 23, 1991",USA,No
214,Marc-Andre Barriault,6'1'',74'',orthodox,middleweight,"February 18, 1990",Canada,Yes
215,Andrew Sanchez,6'1'',74'',orthodox,middleweight,"August 8, 1988",USA,No
216,Oskar Picheota,6'0'',76'',southpaw,middleweight,"January 24, 1990",Poland,No
217,Abu Azaitar,5'9'',76'',orthodox,middleweight,"March 10, 1986",Morocco,No
218,Jordan Wright,6'2'',77'',orthodox,light heavyweight,"October 7, 1991",USA,No
219,Julian Marquez,6'2'',72'',orthodox,middleweight,"May 8, 1990",USA,No
220,Javid Basharat,5'9'',69'',orthodox,bantamweight,"September 7, 1995",Afghanistan,No
221,Oron Kahlon,5'8'',70'',orthodox,bantamweight,"Novemer 4, 1984",Dumpster,No
222,Tony Gravely,5'5'',69'',orthodox,bantamweight,"September 28, 1991",USA,No
223,Farid Basharat,5'8'',71'',orthodox,bantamweight,"August 2, 1997",Afghanistan,Yes
224,Allan Begosso,5'5'',66'',orthodox,bantamweight,"November 23, 1995",USA,No
225,Taylor Lapilus,5'6'',73'',southpaw,bantamweight,"April 8, 1992",France,No
226,Victor Hugo,5'7'',71'',orthodox,bantamweight,"November 22, 1992",Brazil,No
227,Austin Bashi,5'6'',70'',orthodox,featherweight,"September 29, 2001",USA,Yes
228,Dorian Ramos,5'8'',70'',orthodox,featherweight,"December 31, 1993",USA,No
229,Bahatebole Batebolati,5'8'',71'',southpaw,welterweight,"September 12, 1992",China,Yes
230,WonBon Ki,5'11'',73'',orthodox,lightweight,"February 11, 1991",South Korea,Yes
231,Han Seul Kim,6'1'',73'',southpaw,welterweight,"June 19, 1990",South Korea,No
232,Mario Bautista,5'9'',69'',switch,bantamweight,"July 1, 1993",USA,Yes
233,Jin Soo Son,5'6'',69'',orthodox,bantamweight,"April 1, 1993",South Korea,No
234,Brian Kelleher,5'6'',66'',switch,bantamweight,"August 19, 1986",USA,No
235,Benito Lopez,5'10'',73'',switch,bantamweight,"April 5, 1994",USA,No
236,Guido Cannetti,5'6'',68'',southpaw,bantamweight,"December 19, 1979",Argentina,No
237,Jack Becker,5'10'',71'',orthodox,lightweight,"December 20, 1992",Australia,No
238,Azamat Bekoev,6'0'',72'',orthodox,middleweight,"December 30, 1995",Russia,Yes
239,Yousri Belgaroui,6'6'',79'',orthodox,middleweight,"June 2, 1992",The Netherlands,Yes
240,Taiga Iwasaki,6'1'',73'',orthodox,middleweight,"July 7, 1997",Japan,No
241,Rodolfo Bellato,6'3'',75'',orthodox,light heavyweight,"February 5, 1996",Brazil,Yes
242,Murtaza Talha,6'0'',74'',orthodox,light heavyweight,"July 10, 1996",Bahrain,No
243,Xie Bin,5'10'',72'',orthodox,lightweight,"February 28, 1998",China,Yes
244,Oliver Murad,5'10'',72'',southpaw,featherweight,"December 21, 1993",Haiti,No
245,Yibugele,5'7'',69'',southpaw,featherweight,"November 13, 1989",China,No
246,Masuto Kawana,5'6'',69'',orthodox,featherweight,"January 20, 1995",Japan,No
247,Zhu Kangjie,5'8'',70'',orthodox,featherweight,"January 16, 1986",China,Yes
248,Angad Bisht,5'7'',67'',orthodox,flyweight,"June 5, 1995",India,No
249,John Dave Almanza,5'7'',67'',southpaw,flyweight,"March 22, 2004",The Philippines,No
250,Jan Blachowicz,6'2'',78'',orthodox,light heavyweight,"February 24, 1983",Poland,Yes
251,Ilir Latifi,5'10'',73'',orthodox,heavyweight,"July 28, 1982",Sweden,No
252,Jimi Manuwa,6'1'',79'',orthodox,light heavyweight,"February 18, 1980",England,No
253,Corey Anderson,6'3'',79'',orthodox,light heavyweight,"September 22, 1989",USA,No
254,Igor Pokrajac,6'0'',74'',orthodox,light heavyweight,"January 2, 1979",Croatia,No
255,Alexander Gustafsson,6'5'',79'',orthodox,light heavyweight,"January 15, 1987",Sweden,No
256,Patrick Cummins,6'2'',76'',orthodox,light heavyweight,"November 16, 1980",USA,No
257,Devin Clark,6'0'',75'',orthodox,light heavyweight,"April 12, 1980",USA,No
258,Luke Rockhold,6'3'',77'',southpaw,middleweight,"October 17, 1984",USA,No
259,Jacare Souza,6'1'',72'',orthodox,middleweight,"December 7, 1979",Brazil,No
260,Glover Teixeira,6'2'',76'',orthodox,light heavyweight,"October 28, 1979",Brazil,No
261,Da'Mon Blackshear,5'10'',72'',switch,bantamweight,"August 12, 1994",USA,Yes
262,Cody Stamann,5'6'',64'',orthodox,bantamweight,"November 9, 1989",USA,No
263,Chasen Blair,5'10'',71'',orthodox,lightweight,"October 14, 1998",USA,No
264,Erin Blanchfield,5'4'',66'',orthodox,women's flyweight,"May 4, 1999",USA,Yes
265,Sarah Alpar,5'4'',63'',southpaw,women's bantamweight,"June 1, 1991",USA,No
266,Molly McCann,5'4'',62'',orthodox,women's strawweight,"May 4, 1990",England,No
267,Taila Santos,5'6'',68'',orthodox,women's flyweight,"June 22, 1993",Brazil,No
268,Curtis Blaydes,6'4'',80'',orthodox,heavyweight,"February 18, 1991",USA,Yes
269,Francis Ngannou,6'4'',83'',orthodox,heavyweight,"September 5, 1986",Cameroon,No
270,Cody East,6'3'',N/A,orthodox,heavyweight,"June 29, 1988",USA,No
271,Adam Milstead,6'3'',76'',orthodox,light heavyweight,"July 3, 1987",USA,No
272,Daniel Omielanczuk,6'0'',74'',southpaw,heavyweight,"August 31, 1982",Poland,No
273,Aleksei Oleinik,6'2'',80'',orthodox,heavyweight,"June 20, 1977",Russia,No
274,Mark Hunt,5'10'',72'',orthodox,heavyweight,"March 23, 1974",New Zealand,No
275,Alistair Overeem,6'4'',80'',orthodox,heavyweight,"May 17, 1980",The Netherlands,No
276,Justin Willis,6'1'',78'',southpaw,heavyweight,"July 19, 1987",USA,No
277,Junior Dos Santos,6'4'',77'',orthodox,heavyweight,"January 30, 1984",Brazil,No
278,Chris Daukaus,6'3'',76'',orthodox,light heavyweight,"September 25, 1989",USA,No
279,Tereza Bleda,5'9'',71'',orthodox,women's flyweight,"November 30, 2001",Czechia,Yes
280,Nayara Maia,5'5'',66'',orthodox,women's flyweight,"July 25, 1990",Brazil,No
281,Gaston Bolanos,5'7'',69'',orthodox,bantamweight,"September 14, 1992",Peru,Yes
282,Aaron Phillips,5'9'',71'',southpaw,bantamweight,"August 5, 1989",Wales,No
283,Cortavious Romious,5'4'',68'',southpaw,bantamweight,"January 6, 1994",USA,No
284,Gabriel Bonfim,6'1'',72'',orthodox,welterweight,"August 20, 1997",Brazil,Yes
285,Mounir Lazzez,6'1'',76'',orthodox,welterweight,"November 16, 1987",Tunisia,No
286,Trevin Giles,6'0'',74'',orthodox,welterweight,"August 6, 1992",USA,No
287,Ange Loosa,5'10'',74'',orthodox,welterweight,"March 18, 1993",Switzlerland,No
288,Ismael Bonfim,5'8'',71'',orthodox,lightweight,"December 28, 1995",Brazil,Yes
289,Nariam Abbasov,5'8'',66'',orthodox,lightweight,"February 1, 1994",Azerbaijan,No
290,Vinc Pichel,5'10'',72'',orthodox,lightweight,"November 23, 1982",USA,No
291,Kevin Borjas,5'5'',68'',orthodox,flyweight,"December 6, 1997",Peru,Yes
292,Victor Dias,5'6'',69'',orthodox,flyweight,"December 26, 1990",USA,No
293,Caio Borralho,6'1'',75'',southpaw,middleweight,"January 16, 1993",Brazil,Yes
294,Jesse Murray,6'3'',78'',orthodox,light heavyweight,"January 26, 1993",USA,No
295,Gadzhi Omargadzhiev,6'1'',71'',switch,welterweight,"February 24, 1993",Russia,No
296,Armen Petrosyan,6'3'',71'',orthodox,middleweight,"November 3, 1990",Armenia,No
297,Makhmud Muradov,6'2'',75'',orthodox,middleweight,"February 8, 1990",Uzbekistan,No
298,Ilian Bouafia,6'5'',78'',southpaw,middleweight,"November 13, 1996",France,No
299,Sean Brady,5'10'',72'',orthodox,welterweight,"November 23, 1992",USA,Yes
300,Court McGee,5'11'',75'',orthodox,welterweight,"December 12, 1984",USA,Yes
301,Christian Aguilera,5'9'',72'',switch,welterweight,"November 25, 1991",USA,No
302,Ramiz Brahimaj,5'10'',72'',orthodox,welterweight,"November 17, 1992",USA,Yes
303,Sasha Palatnikov,6'1'',72'',switch,welterweight,"March 15, 1989",USA,No
304,Michael Gillmore,5'11'',72'',orthodox,welterweight,"March 28, 1987",USA,No
305,Mickey Gall,6'2'',74'',switch,welterweight,"January 22, 1992",USA,No
306,Bruna Brasil,5'6'',65'',orthodox,women's strawweight,"September 7, 1993",Brazil,Yes
307,Marnic Mann,5'0'',64'',southpaw,women's strawweight,"March 5, 1993",USA,No
308,Elves Brenner,5'10'',72'',orthodox,lightweight,"September 27, 1997",Brazil,Yes
309,Zubaira Tukhugov,5'8'',68'',orthodox,lightweight,"January 15, 1991",Russia,No
310,Guram Kutateladze,5'11'',72'',orthodox,lightweight,"January 8, 1992",Georgia,No
311,Kaynan Kruschewsky,6'0'',73'',orthodox,lightweight,"April 4, 1991",Brazil,No
312,Joanderson Brito,5'8'',72'',orthodox,featherweight,"February 11, 1995",Brazil,Yes
313,Bill Algeo,6'0'',73'',switch,featherweight,"June 9, 1989",USA,No
314,Lucas Alexander,5'11'',73'',orthodox,featherweight,"July 28, 1995",Brazil,No
315,Westin Wilson,6'1'',73'',southpaw,featherweight,"January 24, 1989",USA,No
316,Jonathon Pearce,6'0'',71'',switch,featherweight,"May 1, 1992",USA,No
317,Jack Shore,5'8'',71'',orthodox,featherweight,"February 6, 1995",Wales,No
318,Randy Brown,6'3'',78'',orthodox,welterweight,"July 8, 1990",Jamaica,Yes
319,Matt Dwyer,6'4'',76'',orthodox,welterweight,"December 17, 1989",Canada,No
320,Michael Graves,5'10'',71'',orthodox,welterweight,"January 8, 1991",USA,No
321,Erick Montano,6'0'',73'',orthodox,welterweight,"November 19, 1985",Mexico,No
322,Brian Camozzi,6'2'',78'',orthodox,welterweight,"June 24, 1981",USA,No
323,Bryan Barbarena,6'0'',72'',southpaw,welterweight,"May 3, 1989",USA,No
324,Alex Oliveira,5'11'',76'',orthodox,welterweight,"February 21, 1988",Brazil,No
325,Jared Gooden,6'0'',77'',orthodox,welterweight,"December 5, 1993",USA,No
326,Francisco Trinaldo,5'9'',70'',southpaw,welterweight,"August 24, 1978",Brazil,No
327,Wellington Turman,6'0'',72'',orthodox,welterweight,"July 22, 1996",Brazil,No
328,Bryan Battle,6'1'',77'',orthodox,middleweight,"September 21, 1994",USA,No
329,Cody Brundage,6'0'',72'',orthodox,middleweight,"May 16, 1994",USA,Yes
330,William Knight,5'10'',73'',orthodox,light heavyweight,"April 3, 1988",USA,No
331,Nick Maximov,6'0'',76'',southpaw,middleweight,"December 23, 1997",USA,No
332,Robert Bryczek,6'0'',75'',orthodox,middleweight,"July 4, 1990",Poland,Yes
333,Marcus Buchecha,6'2'',77'',orthodox,heavyweight,"January 8, 1990",Brazil,Yes
334,Martin Buday,6'4'',77'',orthodox,heavyweight,"November 11, 1991",Slovakia,No
335,Joaquin Buckley,5'10'',76'',southpaw,welterweight,"April 27, 1994",USA,Yes
336,Impa Kasanganay,5'11'',75'',orthodox,welterweight,"January 17, 1994",USA,No
337,Alessio Di Chirico,6'0'',74'',orthodox,middleweight,"December 12, 1989",Italy,No
338,Antonio Arroyo,6'3'',73'',orthodox,middleweight,"July 1, 1989",Brazil,No
339,Albert Duraev,5'11'',75'',orthodox,middleweight,"January 5, 1989",Russia,No
340,Andre Fialho,6'0'',74'',orthodox,welterweight,"April 7, 1994",Portugal,No
341,Mayra Bueno Silva,5'6'',66'',orthodox,women's bantamweight,"August 22, 1991",Brazil,Yes
342,Mayana Kellem,5'5'',N/A,orthodox,women's bantamweight,"July 7, 1981",Brazil,No
343,Maryna Moroz,5'7'',67'',orthodox,women's flyweight,"September 8, 1991",Ukraine,No
344,Mara Romero Borella,5'6'',69'',orthodox,women's flyweight,"June 3, 1986",Italy,No
345,Wu Yanan,5'8'',66'',orthodox,women's bantamweight,"April 18, 1996",China,No
346,Stephanie Egger,5'6'',68'',orthodox,women's bantamweight,"August 12, 1988",Switzlerland,No
347,Lina Lansberg,5'7'',65'',orthodox,women's bantamweight,"March 13, 1982",Sweden,No
348,Holly Holm,5'8'',69'',southpaw,women's bantamweight,"October 17, 1981",USA,No
349,Modestas Bukauskus,6'3'',76'',switch,light heavyweight,"February 10, 1994",Lithuania,Yes
350,Andreas Michalidis,6'0'',76'',orthodox,welterweight,"July 18, 1988",Greece,No
351,Tyson Pedro,6'3'',79'',orthodox,light heavyweight,"September 17, 1991",Australia,No
352,Zac Pauga,6'2'',76'',orthodox,light heavyweight,"February 25, 1988",USA,No
353,Felipe Bunes,5'7'',69'',orthodox,flyweight,"October 29, 1989",Brazil,Yes
354,Gilbert Burns,5'10'',71'',orthodox,welterweight,"July 20, 1986",Brazil,Yes
355,Andreas Stahl,5'11'',N/A,orthodox,welterweight,"May 20, 1988",Sweden,No
356,Rashid Magomedov,5'9'',70'',orthodox,lightweight,"November 29, 1984",Russia,No
357,Lukasz Sajewksi,5'8'',71'',orthodox,lightweight,"November 27, 1990",Poland,No
358,Michel Prazeres,5'6'',67'',orthodox,welterweight,"July 25, 1981",Brazil,No
359,Jason Saggo,5'11'',71'',orthodox,lightweight,"November 23, 1985",Canada,No
360,Dan Moret,6'0'',73'',southpaw,lightweight,"November 21, 1986",USA,No
361,Olivier Aubin-Mercier,5'9'',70'',southpaw,lightweight,"February 23, 1989",Canada,No
362,Aleksei Kunchenko,5'8'',70'',orthodox,welterweight,"May 2, 1984",Russia,No
363,Demian Maia,6'1'',72'',southpaw,welterweight,"November 6, 1977",Brazil,No
364,Tyron Woodley,5'9'',74'',orthodox,welterweight,"April 7, 1982",USA,No
365,Jorge Masvidal,5'11'',74'',orthodox,welterweight,"November 12, 1984",Brazil,No
366,Dennis Buzukja,5'9'',70'',switch,featherweight,"October 1, 1997",USA,Yes
367,Kaleio Romero,5'10'',69'',switch,featherweight,"April 19, 1996",USA,No
368,Connor Matthews,5'8'',71'',switch,featherweight,"May 31, 1992",USA,No
369,Alex Caceres,5'10'',73'',southpaw,featherweight,"June 20, 1988",Brazil,Yes
370,Mackens Semerzier,5'9'',72'',orthodox,featherweight,"November 3, 1980",USA,No
371,Jimy Hettes,5'9'',71'',southpaw,featherweight,"June 9, 1987",USA,No
372,Cole Escovedo,5'7'',72'',orthodox,bantamweight,"August 30, 1981",USA,No
373,Edwin Figueroa,5'7'',69'',orthodox,bantamweight,"July 31, 1984",USA,No
374,Damacio Page,5'6'',66'',orthodox,bantamweight,"September 30, 1982",USA,No
375,Motonobu Tezuka,5'7'',N/A,southpaw,bantamweight,"August 29, 1987",Japan,No
376,Kyung Ho Kang,5'9',73'',orthodox,bantamweight,"September 9, 1987",South Korea,No
377,Roland Delorme,5'9'',71'',orthodox,bantamweight,"December 18, 1983",Canada,No
378,Sergio Pettis,5'6'',69'',orthodox,flyweight,"August 18, 1993",USA,No
379,Urijah Faber,5'6'',67'',orthodox,bantamweight,"May 14, 1979",USA,No
380,Masanori Kanehara,5'7'',67'',orthodox,bantamweight,"November 19, 1982",Japan,No
381,Francisco Rivera,5'8'',70'',orthodox,bantamweight,"October 8, 1981",USA,No
382,Masio Fullen,5'10'',70'',orthodox,featherweight,"October 6, 1986",Mexico,No
383,Cole Miller,6'1'',73'',orthodox,featherweight,"April 26, 1984",USA,No
384,Jason Knight,5'10'',71'',orthodox,featherweight,"July 14, 1992",USA,No
385,Rolando Dy,5'8'',69'',orthodox,featherweight,"August 11, 1990",The Philippines,No
386,Wang Guan,5'9'',71'',orthodox,featherweight,"March 14, 1986",China,No
387,Martin Bravo,5'8'',71'',southpaw,featherweight,"September 21, 1983",USA,No
388,Kron Gracie,5'9'',70'',southpaw,featherweight,"July 11, 1988",Brazil,No
389,Steven Peterson,5'10'',70'',orthodox,featherweight,"May 29, 1990",USA,No
390,Austin Springer,5'8'',71'',orthodox,featherweight,"May 1, 1987",USA,No
391,Seung Woo Choi,6'0'',74'',orthodox,featherweight,"November 3, 1992",South Korea,No
392,Daniel Pineda,5'7'',69'',orthodox,featherweight,"August 6, 1985",USA,No
393,Priscila Cachoeira,5'7'',65'',orthodox,women's bantamweight,"August 19, 1988",Brazil,Yes
394,Shana Dobson,5'6'',69'',orthodox,women's flyweight,"March 30, 1989",USA,No
395,Gina Mazany,5'6'',68'',southpaw,women's flyweight,"August 19, 1988",USA,No
396,Ji Yeon Kim,5'7'',72'',orthodox,women's flyweight,"October 18, 1989",South Korea,No
397,Lucas Caldas,5'8'',70'',orthodox,lightweight,"May 22, 1996",Brazil,No
398,Nicolle Caliari,5'3'',62'',orthodox,women's flyweight,"November 4, 1996",Brazil,Yes
399,Corinne Laframboise,5'4'',65'',orthodox,women's flyweight,"May 25, 1989",Canada,No
400,Matheus Camilo,5'10'',69'',orthodox,lightweight,"January 2, 2001",Brazil,Yes
401,Viacheslav Borshchev,5'11'',69'',orthodox,lightweight,"January 8, 1992",Russia,No
402,Charlie Campbell,6'0'',72'',orthodox,lightweight,"July 3, 1995",USA,Yes
403,Alex Reyes,5'11'',73'',orthodox,lightweight,"October 2, 1986",USA,No
404,Kitt Campbell,6'1'',73'',orthodox,welterweight,"June 26, 1994",Australia,Yes
405,Yun Seong Jang,6'0'',72'',orthodox,welterweight,"November 4, 2002",South Korea,No
406,Shogo Sato,5'7'',66'',southpaw,welterweight,"June 8, 1993",Japan,No
407,Kurtis Campbell,5'9'',72'',switch,featherweight,"July 29, 2002",England,Yes
408,Demba Seck,6'1'',74'',orthodox,featherweight,"July 7, 1993",Senegal,No
409,Jared Cannonier,5'11'',77'',switch,middleweight,"March 16, 1984",USA,Yes
410,Shawn Jordan,6'0'',75'',southpaw,heavyweight,"October 21, 1984",USA,No
411,Cyril Asker,6'0'',74'',orthodox,heavyweight,"December 24, 1985",France,No
412,Nick Roehrick,6'2'',N/A,orthodox,light heavyweight,"July 6, 1987",USA,No
413,David Branch,6'1'',78'',orthodox,middleweight,"September 26, 1981",USA,No
414,Ariane Carnelossi,5'2'',61'',orthodox,women's strawweight,"November 17, 1992",Brazil,Yes
415,Istela Nunes,5'4'',66'',orthodox,women's strawweight,"July 23, 1992",Brazil,No
416,Luana Carolina,5'6'',69'',orthodox,women's bantamweight,"June 11, 1993",Brazil,Yes
417,Mabelly Lima,5'2'',N/A,orthodox,women's bantamweight,"January 25, 1994",Brazil,No
418,Poliana Botelho,5'8'',67'',orthodox,women's flyweight,"December 15, 1988",Brazil,No
419,Ivana Petrovic,5'8'',70'',southpaw,women's flyweight,"June 11, 1994",Croatia,No
420,Julija Stoliarenko,5'7'',66'',orthodox,women's flyweight,"April 8, 1993",Lithuania,No
421,Clayton Carpenter,5'6'',66'',orthodox,flyweight,"June 9, 1996",USA,Yes
422,Juancamilo Ronderos,5'3'',64'',southpaw,flyweight,"February 17, 1995",Colombia,No
423,John Castaneda,5'6'',71'',switch,bantamweight,"December 18, 1991",USA,Yes
424,Cheyden Leialoha,5'8'',73'',orthodox,bantamweight,"March 15, 1994",USA,No
425,Eddie Wineland,5'7'',69'',orthodox,bantamweight,"June 26, 1984",USA,No
426,Jacqueline Cavalcanti,5'8'',70'',orthodox,women's bantamweight,"August 29, 1997",Portugal,Yes
427,Zarah Fairn,5'8'',72'',orthodox,women's bantamweight,"December 10, 1993",France,No
428,Julia Avila,5'7'',68'',orthodox,women's bantamweight,"May 11, 1988",USA,No
429,Katlyn Cerminara,5'9'',68'',orthodox,women's flyweight,"December 28, 1988",USA,Yes
430,Alexis Davis,5'6'',68'',orthodox,women's bantamweight,"October 4, 1984",USA,No
431,Jennifer Maia,5'4'',64'',orthodox,women's flyweight,"October 6, 1988",Brazil,No
432,Antonina Shevchenko,5'8'',67'',southpaw,women's flyweight,"November 20, 1984",Kyrgyzstan,No
433,Edgar Chairez,5'7'',71'',orthodox,flyweight,"January 27, 1996",Mexico,Yes
434,Daniel Lacerda,5'6'',70'',switch,flyweight,"June 5, 1996",Brazil,No
435,Michael Chandler,5'8'',71'',orthodox,lightweight,"April 24, 1986",USA,Yes
436,Dustin Poirier,5'9'',72'',southpaw,lightweight,"January 19, 1989",USA,No
437,Chelsea Chandler,5'8'',68'',southpaw,women's bantamweight,"November 23, 1990",USA,Yes
438,Eduardo Chapolin,5'7'',67'',orthodox,flyweight,"November 23, 1995",Brazil,No
439,Morgan Charriere,5'8'',69'',orthodox,featherweight,"October 26, 1995",France,Yes
440,Manolo Zecchini,5'8'',68'',orthodox,featherweight,"October 22, 1996",Italy,No
441,Gabriel Miranda,5'11'',71'',orthodox,featherweight,"March 25, 1990",Brazil,No
442,Rampage Jackson,6'1'',73'',orthodox,light heavyweight,"June 20, 1978",USA,No
443,Macy Chiasson,5'11'',72'',orthodox,women's bantamweight,"July 27, 1991",USA,Yes
444,Pannie Kianzad,5'7'',66'',orthodox,women's bantamweight,"December 8, 1991",Sweden,No
445,Shanna Young,5'7'',65'',orthodox,women's flyweight,"February 20, 1991",USA,No
446,Michael Chiesa,6'1'',75'',southpaw,welterweight,"December 7, 1987",USA,Yes
447,Al Iaquinta,5'10'',70'',orthodox,welterweight,"April 30, 1987",USA,No
448,Anton Kuivanen,5'8'',72'',orthodox,lightweight,"May 1, 1984",Finland,No
449,Colton Smith,6'0'',71'',orthodox,lightweight,"August 14, 1987",USA,No
450,Joe Lauzon,5'10'',71'',orthodox,lightweight,"May 22, 1984",USA,No
451,Mitch Clarke,5'10'',73'',orthodox,lightweight,"November 24, 1985",Canada,No
452,Carlos Condit,6'2'',75'',orthodox,welterweight,"April 26, 1984",USA,No
453,Diego Sanchez,5'10'',72'',southpaw,welterweight,"December 31, 1981",USA,No
454,Giga Chikadze,6'0'',74'',orthodox,featherweight,"August 25, 1988",Georgia,Yes
455,Brandon Davis,5'10'',72'',orthodox,bantamweight,"May 8, 1990",USA,No
456,Irwin Rivera,5'6'',67'',southpaw,bantamweight,"February 14, 1989",Mexcio,No
457,Omar Morales,5'11'',73'',orthodox,lightweight,"October 17, 1985",Venezuela,No
458,Jamey Simmons,5'6'',70'',orthodox,bantamweight,"September 11, 1992",USA,No
459,Khamzat Chimaev,6'2'',75'',orthodox,middleweight,"May 1, 1994",UAE,Yes
460,Gerald Meerschaert,6'1'',77'',southpaw,middleweight,"December 18, 1987",USA,No
461,Ricky Turcios,5'9'',71'',orthodox,bantamweight,"June 5, 1993",USA,Yes
462,Boston Salmon,5'9'',69'',southpaw,bantamweight,"November 20, 1990",USA,No
463,Kevin Natividad,5'6'',70'',orthodox,bantamweight,"April 2, 1993",USA,No
464,Cameron Smotherman,5'9'',69'',orthodox,bantamweight,"September 17, 1997",USA,Yes
465,Jake Hadley,5'7'',70'',southpaw,bantamweight,"August 3, 1996",England,No
466,Josh Hokit,6'1'',73'',orthodox,heavyweight,"November 12, 1997",USA,Yes
467,Guilherme Uriel,6'1'',74'',orthodox,heavyweight,"February 18, 1997",Brazil,No
468,Max Gimenis,6'2'',75'',orthodox,heavyweight,"April 14, 1993",Brazil,Yes
469,Brady Hiestand,5'8'',71'',orthodox,bantamweight,"April 30, 1999",USA,Yes
470,Aiemann Zahabi,5'8'',68'',orthodox,bantamweight,"November 19, 1987",Canada,Yes
471,Raul Rosas Jr.,5'9'',67'',switch,bantamweight,"October 8, 2004",Mexico,Yes
472,Benardo Sopaj,5'6'',66'',orthodox,bantamweight,"September 25, 2000",Albania,Yes
473,Serhiy Sidey,5'11'',72'',switch,bantamweight,"July 4, 1996",Ukraine,Yes
474,Ricky Simon,5'6'',69'',orthodox,bantamweight,"August 31, 1992",USA,Yes
475,Denzel Freeman,6'1'',77'',southpaw,heavyweight,"November 10, 1991",USA,Yes
476,Marek Bujlo,6'4'',77'',orthodox,heavyweight,"October 10, 1992",Poland,No
477,Alex Perez,5'6'',65'',orthodox,flyweight,"March 21, 1992",USA,Yes
478,Kevin Gray,5'4'',67'',orthodox,flyweight,"May 3, 1985",USA,No
479,Carls John De Tomas,5'5'',71'',southpaw,flyweight,"August 28, 1996",The Philippines,No
480,Eric Shelton,5'6'',68'',orthodox,flyweight,"February 2, 1991",USA,No
481,Jose Torres,5'4'',65'',orthodox,flyweight,"August 2, 1992",USA,No
482,Joseph Benavidez,5'4'',65'',southpaw,flyweight,"July 31, 1984",USA,No
483,Mark De La Rosa,5'6'',65'',orthodox,flyweight,"August 31, 1994",USA,No
484,Jordan Espinosa,5'6'',69'',orthodox,flyweight,"November 8, 1989",USA,No
485,Jussier Formiga,5'5'',67'',orthodox,flyweight,"April 14, 1985",Brazil,No
486,Deiveson Figueiredo,5'5'',68'',orthodox,bantamweight,"December 18, 1987",Brazil,Yes
487,Alexandre Pantoja,5'5'',67'',orthodox,flyweight,"April 16, 1990",Brazil,Yes
488,Muhammad Mokaev,5'7'',70'',orthodox,flyweight,"July 30, 2000",England,No
489,Tatsuro Taira,5'7'',70'',orthodox,flyweight,"January 27, 2000",Japan,Yes
490,Charles Johnson,5'9'',70'',switch,flyweight,"January 10, 1991",USA,Yes
491,Jimmy Flick,5'7'',68'',orthodox,flyweight,"September 7, 1990",USA,No
492,Ode Osbourne,5'7'',73'',southpaw,flyweight,"January 9, 1992",Jamaica,Yes
493,Cody Durden,5'7'',67'',southpaw,flyweight,"March 29, 1991",USA,Yes
494,Rafael Estevam,5'8'',69'',orthodox,flyweight,"August 10, 1996",Brazil,Yes
495,Azat Maksum,5'7'',70'',southpaw,flyweight,"February 2, 1995",Kazakhstan,No
496,Joshua Van,5'5'',65'',orthodox,flyweight,"October 10, 2001",Myanmar,Yes
497,Sumudaerji,5'8'',72'',southpaw,flyweight,"January 20, 1996",China,Yes
498,Ramazan Temirov,5'4'',63'',orthodox,flyweight,"January 31, 1997",Uzbekistan,Yes
499,Lone'er Kavanagh,5'6'',67'',orthodox,flyweight,"June 9, 1999",England,Yes
500,Nikita Krylov,6'3'',77'',orthodox,light heavyweight,"March 7, 1992",Russia,Yes
501,Soa Paleiei,6'4'',81'',orthodox,light heavyweight,"July 12, 1977",Australia,No
502,Walt Harris,6'5'',77'',southpaw,heavyweight,"June 10, 1983",USA,No
503,Ovince Saint Preux,6'3'',80'',southpaw,light heavyweight,"April 8, 1983",Haiti,No
504,Cody Donovan,6'3'',74'',orthodox,light heavyweight,"February 20, 1981",USA,No
505,Stanislav Nedkov,5'11'',71'',orthodox,light heavyweight,"December 9, 1981",Russia,No
506,Marcos Rogerio de Lima,6'1'',75'',orthodox,heavyweight,"June 25, 1985",Brazil,Yes
507,Francimar Barroso,6'1'',75'',orthodox,light heavyweight,"February 28, 1980",Brazil,No
508,Ed Herman,6'1'',77'',orthodox,light heavyweight,"October 2, 1980",USA,No
509,Misha Cirkunov,6'3'',77'',orthodox,light heavyweight,"February 27, 1987",Russia,No
510,Johnny Walker,6'6'',82'',orthodox,light heavyweight,"March 30, 1992",Brazil,Yes
511,Volkan Oezdemir,6'2'',75'',orthodox,light heavyweight,"September 19, 1989",Switzlerland,Yes
512,Ryan Spann,6'5'',79'',orthodox,heavyweight,"August 24, 1991",USA,Yes
513,Dominick Reyes,6'4'',77'',southpaw,light heavyweight,"December 26, 1989",USA,Yes
514,Modestas Bukauskus,6'3'',76'',switch,light heavyweight,"February 10, 1994",Lithuania,Yes
515,Bogdan Guskov,6'3'',76'',orthodox,light heavyweight,"September 12, 1992",Uzbekistan,Yes
516,Jimmy Crute,6'2'',74'',orthodox,light heavyweight,"March 4, 1996",Australia,Yes
517,Michal Oleksiejczuk,6'0'',74'',southpaw,middleweight,"February 22, 1995",Poland,Yes
518,Khalil Rountree Jr.,6'1'',76'',southpaw,light heavyweight,"February 26, 1990",USA,Yes
519,Vitor Petrino,6'2'',77'',orthodox,heavyweight,"August 28, 1997",Brazil,Yes
520,Marcin Prachnio,6'3'',73'',orthodox,light heavyweight,"July 14, 1988",Poland,No
521,Ion Cutelaba,6'1'',75'',southpaw,light heavyweight,"December 14, 1993",Moldova,Yes
522,Michael Johnson,5'10'',73'',southpaw,lightweight,"June 4, 1986",USA,Yes
523,Jonathon Brookins,6'0'',74'',southpaw,lightweight,"August 13, 1985",USA,No
524,Edward Faaloto,N/A,70'',orthodox,lightweight,"July 15, 1984",USA,No
525,Paul Sass,6'0'',73'',orthodox,lightweight,"August 4, 1988",England,No
526,Shane Roller,5'10'',72'',orthodox,lightweight,"July 14, 1979",USA,No
527,Myles Jury,5'10'',73'',orthodox,featherweight,"October 31, 1988",USA,No
528,Reza Madadi,5'11'',73'',orthodox,lightweight,"June 20, 1978",Iran,No
529,Gleison Tibau,5'10'',71'',southpaw,lightweight,"October 7, 1983",Brazil,No
530,Melvin Guillard,5'9'',71'',orthodox,lightweight,"March 30, 1983",USA,No
531,Beneil Dariush,5'10'',72'',southpaw,lightweight,"May 6, 1989",USA,Yes
532,Nate Diaz,6'0'',76'',southpaw,welterweight,"April 16, 1985",USA,No
533,Justin Gaethje,5'11'',70'',orthodox,lightweight,"November 14, 1988",USA,Yes
534,Darren Elkins,5'10'',71'',orthodox,featherweight,"May 16, 1984",USA,Yes
535,Andre Fili,5'11'',74'',orthodox,featherweight,"June 25, 1990",USA,Yes
536,Artem Lobov,5'9'',65'',southpaw,featherweight,"August 11, 1986",Russia,No
537,Josh Emmett,5'6'',70'',orthodox,featherweight,"March 4, 1985",USA,Yes
538,Stevie Ray,5'10'',70'',southpaw,lightweight,"March 25, 1990",Scotland,No
539,Thiago Moises,5'9'',70'',orthodox,lightweight,"March 23, 1995",Brazil,Yes
540,Alan Patrick,5'11'',74'',southpaw,lightweight,"July 19, 1983",Brazil,No
541,Jamie Mullarkey,6'0'',74'',orthodox,lightweight,"August 17, 1994",Australia,Yes
542,Diego Ferreira,5'9'',74'',orthodox,lightweight,"January 18, 1985",Brazil,Yes
543,Darrius Flowers,5'9'',71'',orthodox,lightweight,"August 25, 1994",USA,No
544,Daniel Zellhuber,6'1'',77'',switch,lightweight,"July 7, 1999",Mexico,Yes
545,Alexander Hernandez,5'9'',72'',orthodox,lightweight,"October 1, 1992",USA,Yes
546,Drew Dober,5'8'',70'',southpaw,lightweight,"October 19, 1988",USA,Yes
547,Chris Gruetzemacher,5'8'',68'',orthodox,lightweight,"June 16, 1986",USA,No
548,Mike Breeden,5'10'',70'',orthodox,lightweight,"April 21, 1989",USA,No
549,Renato Moicano,5'11'',72'',orthodox,lightweight,"May 21, 1989",Brazil,Yes
550,Billy Quarantillo,5'10'',70'',orthodox,featherweight,"December 8, 1988",USA,Yes
551,Jim Miller,5'8'',71'',southpaw,lightweight,"August 30, 1983",USA,Yes
552,Damon Jackson,5'11'',71'',switch,featherweight,"August 8, 1988",USA,No
553,Austin Hubbard,5'10'',71'',orthodox,lightweight,"December 22, 1991",USA,No
554,Chase Hooper,6'1'',74'',southpaw,lightweight,"September 13, 1999",USA,Yes
555,Ateba Gautier,6'4'',81'',switch,middleweight,"April 10, 2002",Cameroon,Yes
556,Yura Naito,6'0'',74'',orthodox,middleweight,"April 26, 1996",Japan,No
557,Jose Medina,6'0'',74'',orthodox,middleweight,"May 17, 1991",Bolivia,Yes
558,Robert Valentin,6'2'',77'',orthodox,middleweight,"March 31, 1995",Switzlerland,Yes
559,Tre'ston Vines,6'1'',79'',orthodox,middleweight,"June 18, 1996",USA,Yes
560,Andrey Pulyaev,6'4'',78'',southpaw,middleweight,"September 10, 1997",Russia,Yes
561,Liam Anderson,6'3'',75'',orthodox,middleweight,"January 13, 1995",USA,No
562,Christian Leroy Duncan,6'2'',79'',switch,middleweight,"July 24, 1995",England,Yes
563,Nick Klein,6'1'',77'',orthodox,middleweight,"September 8, 1995",USA,Yes
564,Umar Nurmagomedov,5'8'',69'',orthodox,bantamweight,"January 3, 1996",Russia,Yes
565,Sergey Morozov,5'6'',67'',orthodox,bantamweight,"June 14, 1989",Kazakhstan,No
566,Nate Maness,5'10'',72'',orthodox,flyweight,"June 27, 1991",USA,No
567,Cory Sandhagen,5'11'',70'',switch,bantamweight,"April 20, 1992",USA,Yes
568,Merab Dvalishvili,5'6'',68'',orthodox,bantamweight,"January 10, 1991",Georgia,Yes
569,Marco Beltran,5'8'',69'',orthodox,flyweight,"May 18, 1986",Mexico,No
570,Jarred Brooks,5'3'',62'',switch,flyweight,"May 2, 1993",USA,No
571,Joseph Morales,5'6'',69'',switch,flyweight,"August 22, 1994",USA,Yes
572,John Moraga,5'6'',66'',orthodox,flyweight,"March 20, 1984",USA,Yes
573,Tim Elliott,5'7'',66'',southpaw,flyweight,"December 24, 1986",USA,Yes
574,Brandon Moreno,5'7'',70'',orthodox,flyweight,"December 7, 1993",Mexico,Yes
575,Rob Font,5'8'',71'',orthodox,bantamweight,"June 25, 1987",Puerto Rico,Yes
576,Cody Garbrandt,5'8'',65'',orthodox,bantamweight,"July 7, 1991",USA,Yes
577,Marlon Vera,5'8'',70'',switch,bantamweight,"December 2, 1992",Ecuador,Yes
578,Petr Yan,5'7'',67'',switch,bantamweight,"February 11, 1993",Russia,Yes
579,Montel Jackson,5'10'',75'',southpaw,bantamweight,"April 24, 1992",USA,Yes
580,Natalia Silva,5'4'',65'',southpaw,women's flyweight,"February 3, 1997",Brazil,Yes
581,Jasmine Jasudavicius,5'7'',68'',orthodox,women's flyweight,"March 1, 1989",Canada,Yes
582,Victoria Leonardo,5'5'',64'',orthodox,women's flyweight,"February 16, 1990",USA,No
583,Viviane Araujo,5'4'',68'',orthodox,women's flyweight,"November 21, 1986",Brazil,Yes
584,Alexa Grasso,5'5'',66'',orthodox,women's flyweight,"August 9, 1993",Mexico,Yes
585,Rose Namajunas,5'5'',65'',orthodox,women's flyweight,"June 29, 1992",USA,Yes
586,Carla Esparza,5'1'',63'',orthodox,women's strawweight,"October 10, 1987",USA,No
587,Angela Hill,5'3'',64'',orthodox,women's strawweight,"January 12, 1985",USA,Yes
588,Paige Van Zant,5'4'',65'',orthodox,women's strawweight,"March 26, 1994",USA,No
589,Tecia Pennington,5'1'',60'',orthodox,women's strawweight,"August 16, 1989",Puerto Rico,Yes
590,Karolina Kowalkiewicz,5'3'',64'',orthodox,women's strawweight,"October 15, 1985",Poland,Yes
591,Michelle Waterson-Gomez,5'3'',62'',orthodox,women's strawweight,"January 6, 1986",USA,No
592,Zhang Weili,5'4'',63'',switch,women's strawweight,"August 13, 1989",China,Yes
593,Manon Fiorot,5'7'',65'',orthodox,women's flyweight,"February 17, 1990",France,Yes
594,Amanda Ribas,5'4'',66'',orthodox,women's strawweight,"August 26, 1993",Brazil,Yes
595,Tracey Cortez,5'5'',65'',orthodox,women's flyweight,"December 10, 1993",USA,Yes
596,Miranda Maverick,5'3'',65'',southpaw,women's flyweight,"July 1, 1997",USA,Yes
597,Sodiq Yusuff,5'9'',71'',orthodox,lightweight,May 19 1993,Nigeria,Yes
598,Dan Hooker,6'0'',75'',switch,lightweight,"February 13, 1990",New Zealand,Yes
599,Calvin Kattar,5'11'',72'',orthodox,featherweight,"March 26, 1988",USA,Yes
600,Max Holloway,5'11'',69'',orthodox,featherweight,"December 4, 1991",USA,Yes
601,Movsar Evloev,5'7'',72'',orthodox,featherweight,"February 11, 1994",Russia,Yes
602,Jean Silva,5'7'',69'',orthodox,featherweight,"December 27, 1996",Brazil,Yes
603,Kevin Vallejos,5'7'',68'',switch,featherweight,"December 8, 2001",Argentina,Yes
604,Charles Jourdain,5'9'',69'',switch,bantamweight,"November 27, 1995",Canada,Yes
605,Bryce Mitchell,5'10'',70'',southpaw,bantamweight,"October 4, 1994",USA,Yes
606,Diego Lopes,5'11'',72'',orthodox,featherweight,"December 30, 1994",Brazil,Yes
607,Waldo Cortes-Acosta,6'4'',78'',orthodox,heavyweight,"October 3, 1991",Dominican Republic,Yes
608,Danilo Suzart,6'0'',N/A,orthodox,heavyweight,"December 4, 1991",Brazil,No
609,Jared Vanderaa,6'4'',80'',orthodox,heavyweight,"May 12, 1992",USA,No
610,Chase Sherman,6'4'',78'',orthodox,heavyweight,"November 16, 1989",USA,No
611,Lukasz Brzeski,6'3'',78'',orthodox,heavyweight,"May 17, 1992",Poland,No
612,Robelis Despaigne,6'7'',84'',orthodox,heavyweight,"September 9, 1988",Cuba,No
613,Serghei Spivak,6'3'',78'',orthodox,heavyweight,"January 24, 1995",Moldova,Yes
614,Sergei Pavlovich,6'3'',84'',southpaw,heavyweight,"May 13, 1992",Russia,Yes
615,Ante Delija,6'3'',78'',orthodox,heavyweight,"August 7, 1990",Croatia,Yes
616,Shamil Gaziev,6'4'',78'',orthodox,heavyweight,"February 10, 1990",Bahrain,Yes
617,Derrick Lewis,6'3'',79'',orthodox,heavyweight,"February 7, 1985",USA,Yes
618,Jack May,6'8'',N/A,switch,heavyweight,"April 14, 1981",USA,No
619,Guto Inocente,6'3'',N/A,orthodox,light heavyweight,"May 29, 1986",Brazil,No
620,Matt Mitrione,6'3'',82'',switch,heavyweight,"July 15, 1978",USA,No
621,Ruan Potts,6'2'',75'',orthodox,heavyweight,"February 23, 1978",South Africa,No
622,Viktor Pesta,6'3'',77'',orthodox,heavyweight,"July 15, 1990",Czechia,No
623,Damian Grawbowski,6'1'',75'',orthodox,heavyweight,"May 12, 1980",Poland,No
624,Gabriel Gonzaga,6'2'',76'',orthodox,heavyweight,"May 18, 1979",Brazil,No
625,Roy Nelson,6'0'',73'',orthodox,heavyweight,"June 20, 1976",USA,No
626,Travis Browne,6'6'',79'',orthodox,heavyweight,"July 17, 1982",USA,No
627,Marcin Tybura,6'3'',78'',orthodox,heavyweight,"November 9, 1985",Poland,Yes
628,Alexander Volkov,6'7'',80'',orthodox,heavyweight,"October 24, 1988",Russia,Yes
629,Daniel Cormier,5'11'',72'',orthodox,heavyweight,"March 20, 1979",USA,No
630,Blagoy Ivanov,5'11'',73'',southpaw,heavyweight,"October 9, 1986",Bulgaria,No
631,Ciryl Gane,6'4'',81'',orthodox,heavyweight,"April 12, 1990",France,Yes
632,Tai Tuivasa,6'2'',75'',southpaw,heavyweight,"March 16, 1993",Australia,Yes
633,Rodrigo Nascimento,6'2'',80'',orthodox,heavyweight,"November 26, 1992",Brazil,No
634,Tallison Teixeira,6'7'',83'',orthodox,heavyweight,"December 7, 1999",Brazil,Yes
635,Sean O Malley,5'11'',72'',switch,bantamweight,"October 24, 1994",USA,Yes
636,Alfred Khashakyan,5'8'',70'',orthodox,bantamweight,"July 17, 1988",Armenia,No
637,Terrion Ware,5'8'',71'',orthodox,bantamweight,"March 31, 1986",USA,No
638,Andre Soukhamthath,5'9'',70'',orthodox,bantamweight,"October 23, 1988",USA,No
639,Jose Quinonez,5'8'',69'',southpaw,bantamweight,"June 28, 1990",USA,No
640,Thomas Almeida,5'7'',70'',southpaw,bantamweight,"July 31, 1991",Brazil,No
641,Kris Moutinho,5'7'',68'',southpaw,bantamweight,"August 9, 1992",USA,Yes
642,Raulian Paiva,5'8'',69'',orthodox,bantamweight,"October 17, 1995",Brazil,No
643,Pedro Munhoz,5'6'',65'',orthodox,bantamweight,"September 7, 1986",Brazil,Yes
644,Aljamain Sterling,5'7'',71'',orthodox,featherweight,"July 31, 1989",USA,Yes
645,Song Yadong,5'8'',67'',orthodox,bantamweight,"December 2, 1997",China,Yes
646,Bharat Kandare,5'7'',72'',orthodox,bantamweight,"June 2, 1987",India,No
647,Felipe Arantes,5'8'',73'',orthodox,bantamweight,"February 9, 1988",Brazil,No
648,Vince Morales,5'7'',70'',orthodox,bantamweight,"November 12, 1990",USA,Yes
649,Alejandro Perez,5'6'',67'',orthodox,bantamweight,"September 2, 1989",USA,No
650,Kyler Phillips,5'8'',72'',orthodox,bantamweight,"June 12, 1995",USA,Yes
651,Julio Arce,5'7'',70'',southpaw,featherweight,"October 27, 1989",USA,No
652,Marlon Moraes,5'6'',67'',orthodox,bantamweight,"April 26, 1988",Brazil,No
653,Chris Gutierrez,5'9'',67'',orthodox,bantamweight,"April 22, 1991",USA,Yes
654,Henry Cejudo,5'4'',64'',orthodox,bantamweight,"February 9, 1987",USA,No
655,Kayla Harrison,5'8'',66'',southpaw,women's bantamweight,"July 2, 1990",USA,Yes
656,Ketlen Vieira,5'8'',68'',orthodox,women's bantamweight,"August 26, 1991",Brazil,Yes
657,Julianna Pena,5'6'',69'',orthodox,women's bantamweight,"August 19, 1989",USA,Yes
658,Amanda Nunes,5'8'',69'',orthodox,women's bantamweight,"May 30, 1988",Brazil,Yes
659,Julia Budd,5'7'',67'',N/A,women's featherweight,"July 4, 1983",USA,No
660,Sheila Gaff,5'5'',N/A,orthodox,women's bantamweight,"December 29, 1989",Germany,No
661,Germaine de Randamie,5'9'',71'',orthodox,women's bantamweight,"April 24, 1984",The Netherlands,No
662,Cat Zingano,5'6'',68'',southpaw,women's bantamweight,"July 1, 1982",USA,No
663,Sara McMann,5'6'',66'',orthodox,women's bantamweight,"September 24, 1980",USA,No
664,Shayna Baszler,5'7'',N/A,orthodox,women's bantamweight,"August 8, 1980",USA,No
665,Valentina Shevchenko,5'5'',66'',southpaw,women's flyweight,"March 7, 1988",Kyrgyztsan,Yes
666,Ronda Rousey,5'7'',66'',orthodox,women's bantamweight,"February 1, 1987",USA,No
667,Miesha Tate,5'6'',65'',orthodox,women's bantamweight,"August 18, 1986",USA,Yes
668,Raquel Pennington,5'7'',67'',orthodox,women's bantamweight,"September 5, 1988",USA,Yes
669,Cristiane Justino,5'8'',68'',orthodox,women's featherweight,"June 9, 1985",Brazil,No
670,Felicia Spencer,5'6'',68'',orthodox,women's featherweight,"November 29, 1990",Canada,No
671,Megan Anderson,6'0'',72'',orthodox,women's featherweight,"February 11, 1990",Australia,No
672,Eddie Alvarez,5'9'',69'',orthodox,lightweight,"January 11, 1984",USA,No
673,James Vick,6'3'',76'',orthodox,lightweight,"February 23, 1987",USA,No
674,Charles Oliveira,5'10'',74'',orthodox,lightweight,"October 17, 1989",Brazil,Yes
675,Rafael Fiziev,5'8'',71'',switch,lightweight,"March 5, 1993",Azerbaijan,Yes
676,Paddy Pimblett,5'10'',73'',orthodox,lightweight,"January 3, 1995",England,Yes
677,Luigi Vendramini,5'8'',73'',orthodox,lightweight,"January 16, 1996",Brazil,No
678,Kazula Vargas,5'8'',71'',southpaw,lightweight,"August 15, 1985",Mexico,No
679,Jordan Leavitt,5'9'',71'',southpaw,featherweight,"June 2, 1995",USA,Yes
680,Jared Gordon,5'9'',68'',orthodox,lightweight,"September 6, 1988",USA,Yes
681,King Green,5'10'',71'',orthodox,lightweight,"September 9, 1986",USA,Yes
682,Ty Miller,6'2'',77'',orthodox,welterweight,"June 4, 2000",USA,Yes
683,Jimmy Drago,5'10'',71'',orthodox,welterweight,"February 18, 1995",USA,No
684,Adam Fugitt,6'1'',77'',southpaw,welterweight,"January 12, 1989",USA,Yes
685,Michael Morales,6'0'',79'',orthodox,welterweight,"June 24, 1999",Ecuador,Yes
686,Yusaku Kinoshita,6'0'',71'',southpaw,welterweight,"August 21, 2000",Japan,No
687,Mike Malott,6'1'',73'',orthodox,welterweight,"November 7, 1991",Canada,Yes
688,Josh Quinlan,6'0'',72'',orthodox,welterweight,"February 6, 1993",USA,No
689,Islam Dulatov,6'3'',75'',orthodox,welterweight,"August 2, 1998",Germany,Yes
690,Clay Guida,5'7'',70'',orthodox,lightweight,"December 8, 1981",USA,No
691,Aaron Tau,5'4'',66'',switch,flyweight,"August 21, 1991",New Zealand,Yes
692,Sulangrangbo,5'9'',66'',southpaw,bantamweight,"July 17, 2005",China,Yes
693,Lawrence Liu,5'7'',72'',orthodox,bantamweight,"August 4, 1996",New Zealand,Yes
694,Keiichiro Nakamura,5'10'',70'',southpaw,featherweight,"December 2, 1998",Japan,Yes
695,Sebastian Szalay,5'6'',66'',orthodox,featherweight,"February 3, 1994",Australia,Yes
696,Sangwook Kim,6'0'',71'',orthodox,lightweight,"October 17, 1993",South Korea,Yes
697,Dom Mar Fan,5'11'',75'',orthodox,lightweight,"March 19, 2000",Australia,Yes
698,Kaan Ofli,5'7'',66'',orthodox,featherweight,"June 19, 1993",Turkey,Yes
699,Yizha,5'7'',71'',orthodox,featherweight,"January 8, 1997",China,Yes
700,Jonathon Micallef,6'0'',77'',southpaw,welterweight,"March 5, 1999",Australia,Yes
701,Oban Elliott,6'0'',72'',orthodox,welterweight,"December 19, 1997",Wales,Yes
702,Torrez Finney,5'8'',75'',orthodox,middleweight,"October 24, 1998",USA,Yes
703,Jacob Malkoun,5'9'',73'',orthodox,middleweight,"August 26, 1995",Australia,Yes
704,Cam Rowston,6'3'',78'',orthodox,middleweight,"January 19, 1995",Australia,Yes
705,Billy Elekana,6'3'',77'',southpaw,light heavyweight,"May 28, 1995",USA,Yes
706,Junior Tafa,6'3'',75'',orthodox,light heavyweight,"September 21, 1996",Australia,Yes
707,Quillan Salkilld,6'0'',75'',orthodox,lightweight,"December 28, 1999",Australia,Yes
708,Mauricio Ruffy,5'11'',75'',orthodox,lightweight,"June 17, 1996",Brazil,Yes
709,Benoit St Denis,5'11'',73'',southpaw,lightweight,"December 18, 1995",France,Yes
710,Alexander Volkanovski,5'6'',71'',orthodox,featherweight,"September 29, 1988",Australia,Yes
711,Agualali,5'4'',68'',orthodox,flyweight,"December 29, 2000",China,No
712,Elijah Smith,5'9'',71'',orthodox,bantamweight,"September 5, 2002",USA,Yes
713,Rio Tirto,5'4'',66'',switch,flyweight,"February 9, 2000",Indonesia,No
714,Yin Shuai,5'5'',66'',southpaw,flyweight,"January 1, 1997",China,No
715,Peter Danesoe,5'9'',68'',orthodox,bantamweight,"September 1, 2000",Thailand,No
716,Sim Kai Xiong,5'6'',67'',orthodox,bantamweight,"September 6, 1997",China,No
717,Zhang Qinghe,5'7'',67'',southpaw,bantamweight,"November 5, 2001",China,No
718,Nghiem Van Y,5'7'',68'',orthodox,bantamweight,"May 15, 1999",Vietnam,No
719,Eojin Park,6'0'',71'',orthodox,featherweight,"December 26, 2001",South Korea,No
720,Kaiwen,5'8'',71'',switch,featherweight,"October 16, 1995",China,No
721,Baergeng Jieleyisi,5'9'',71'',orthodox,featherweight,"November 24, 1994",Kazakhstan,No
722,Changmin Yoon,5'8'',70'',orthodox,featherweight,"May 10, 1994",South Korea,No
723,Kazuma Maruyama,5'11'',72'',orthodox,lightweight,"July 19, 1992",Japan,No
724,Rongzhu,5'9'',71'',orthodox,lightweight,"March 7, 2000",China,Yes
725,Daichi Kamiya,5'8'',68'',southpaw,lightweight,"April 19, 1999",Japan,No
726,Ren Yawei,5'9'',69'',orthodox,lightweight,"February 7, 1998",China,No
727,Yuji Ephoevi-Ga,6'0'',75'',switch,lightweight,"October 19, 1999",Japan,No
728,Jaehyun Park,5'8'',73'',orthodox,lightweight,"December 10, 2001",South Korea,No
729,Mairon Santos,5'7'',72'',orthodox,featherweight,"June 10, 2000",Brazil,Yes
730,Muhammad Naimov,5'9'',70'',orthodox,featherweight,"August 7, 1994",Tajikistan,Yes
731,Ricardo Ramos,5'9'',72'',orthodox,featherweight,"August 1, 1995",Brazil,No
732,Keisuke Sasu,5'5'',69'',switch,featherweight,"September 30, 1994",Japan,No
733,Koyomi Matsushima,5'7'',66'',orthodox,featherweight,"October 8, 1992",Japan,No
734,Jeong Yeong Lee,5'10'',73'',orthodox,featherweight,"November 13, 1995",South Korea,Yes
735,Wuziazibieke Jiahefu,5'9'',70'',orthodox,featherweight,"April 9, 1990",China,No
736,Sangwon Kim,5'9'',69'',orthodox,featherweight,"September 1, 1993",South Korea,No
737,Gabriel Santos,5'9'',70'',orthodox,featherweight,"November 28, 1996",Brazil,Yes
738,Kaik Brito,5'11'',72'',orthodox,welterweight,"March 26, 1997",Brazil,No
739,Val Woodburn,5'8'',74'',orthodox,welterweight,"August 10, 1993",Jamaica,No
740,Preston Parsons,5'11'',71'',orthodox,welterweight,"July 15, 1995",USA,No
741,Bassil Hafez,5'11'',72'',orthodox,welterweight,"January 31, 1992",USA,No
742,Seokhyeon Ko,5'10'',71'',southpaw,welterweight,"September 24, 1993",South Korea,Yes
743,Mohamed Ado,5'11'',76'',switch,welterweight,"May 3, 2000",Canada,No
744,Kevin Jousset,6'2'',75'',orthodox,welterweight,"May 2, 1993",France,No
745,Yuri Panferov,6'1'',72'',orthodox,middleweight,"August 30, 1996",Russia,No
746,Abdellah Er-Ramy,6'0'',74'',orthodox,middleweight,"Septembe 19, 1996",Morocco,No
747,AJ Dobson,6'1'',76'',orthodox,middleweight,"January 18, 1992",USA,No
748,Andre Petroski,6'0'',73'',switch,middleweight,"June 12, 1991",USA,Yes
749,Tresean Gore,6'0'',75'',switch,middleweight,"June 12, 1994",USA,Yes
750,Rodolfo Vieira,6'0'',73'',orthodox,middleweight,"September 25, 1989",Brazil,Yes
751,Zach Reese,6'4'',77'',switch,middleweight,"March 24, 1994",USA,Yes
752,Bo Nickal,6'1'',76'',southpaw,middleweight,"January 14, 1996",USA,Yes
753,Eric McConico,6'0'',77'',southpaw,middleweight,"May 9, 1990",USA,Yes
754,Brandon Holmes,6'2'',74'',orthodox,middleweight,"February 5, 1997",USA,No
755,Kevin Christian,6'7'',80'',orthodox,middleweight,"January 21, 1995",Brazil,Yes
756,Mohammed Usman,6'2'',79'',orthodox,heavyweight,"April 1, 1989",Nigeria,Yes
757,Valter Walker,6'6'',78'',orthodox,heavyweight,"December 14, 1997",Brazil,Yes
758,Sean Sharaf,6'3'',77'',orthodox,heavyweight,"July 11, 1993",USA,Yes
759,Tuco Tokkos,6'4'',76'',orthodox,light heavyweight,"June 30, 1990",England,Yes
760,Brad Riddell,5'7'',71'',orthodox,lightweight,"September 30, 1991",New Zealand,Yes
761,Fares Ziam,6'1'',75'',orthodox,lightweight,"March 21, 1997",France,Yes
762,Devonte Smith,5'9'',76'',orthodox,lightweight,"July 30, 1993",USA,No
763,Jalin Turner,6'3'',77'',southpaw,lightweight,"May 18, 1995",USA,Yes
764,Francisco Prado,5'10'',69'',orthodox,welterweight,"June 16, 2002",Argentina,Yes
765,Nasrat Haqparast,5'10'',72'',southpaw,lightweight,"August 22, 1995",Morocco,Yes
766,Rolando Bedoya,5'11'',74'',orthodox,lightweight,"January 13, 1997",Peru,No
767,Gauge Young,6'0'',75'',orthodox,lightweight,"December 28, 1999",USA,Yes
768,Anshul Jubli,6'0'',69'',switch,lightweight,"January 13, 1995",India,Yes
769,Yanal Ashmouz,5'9'',69'',orthodox,lightweight,"March 31, 1995",Trash,No
770,Arthur Lopes,6'2'',77'',southpaw,heavyweight,"February 17, 1993",Brazil,No
771,Justin Tafa,6'0'',74'',southpaw,heavyweight,"December 13, 1993",Australia,No
772,Raimond Magomedaliev,6'1'',75'',orthodox,lightweight,"June 10, 1990",Russia,No
773,James Llontop,6'0'',73'',orthodox,lightweight,"August 2, 1999",Peru,No
774,Magomed Mustafaev,5'8'',71'',orthodox,lightweight,"August 2, 1988",Russia,No
775,Alex White,6'0'',71'',southpaw,lightweight,"October 22, 1988",USA,No
776,Rafael Dos Anjos,5'8'',70'',southpaw,welterweight,"October 26, 1984",Brazil,Yes
777,Mateusz Gamrot,5'10'',70'',southpaw,lightweight,"December 11, 1990",Poland,Yes
778,Rashad Coulter,5'11'',76'',orthodox,heavyweight,"November 27, 1981",USA,No
779,Cyril Asker,6'0'',74'',orthodox,heavyweight,"December 24, 1985",France,No
780,Stefan Struve,6'11'',84'',orthodox,heavyweight,"February 18, 1988",Netherlands,No
781,Harry Hunsucker,6'2'',75'',orthodox,light heavyweight,"January 3, 1989",USA,No
782,Greg Hardy,6'5'',80'',orthodox,heavyweight,"July 28, 1988",USA,No
783,Augusto Sakai,6'3'',77'',orthodox,heavyweight,"May 9, 1991",Brazil,No
784,Elizeu Zaleski dos Santos,5'11'',73'',orthodox,welterweight,"December 11, 1996",Brazil,No
785,Niklas Stolze,6'1'',74'',switch,lightweight,"December 28, 1992",Germany,No
786,Matt Frevola,5'9'',71'',orthodox,lightweight,"June 11, 1990",USA,Yes
787,Kyle Prepolec,5'10'',70'',southpaw,lightweight,"August 20, 1989",Canada,Yes
788,Ian Entwistle,5'5'',N/A,orthodox,bantamweight,"November 19, 1986",USA,No
789,Maximo Blanco,5'8'',71'',orthodox,featherweight,"October 16, 1983",Venezuela,No
790,Hatsu Hioki,5'11'',73'',orthodox,featherweight,"July 18, 1983",Japan,No
791,Yair Rodriguez,5'11'',71'',orthodox,featherweight,"October 6, 1992",Mexico,Yes
792,Mark Eddiva,5'8'',68'',orthodox,featherweight,"February 16, 1986",USA,No
793,Islam Makhachev,5'10'',70'',southpaw,welterweight,"October 27, 1991",Russia,Yes
794,Claudio Puelles,5'10'',72'',southpaw,lightweight,"April 21, 1996",Peru,Yes
795,Arman Tsarukyan,5'7'',72'',orthodox,lightweight,"October 11, 1996",Armenia,Yes
796,Gavin Tucker,5'6'',66'',southpaw,featherweight,"June 17, 1986",Canada,Yes
797,Pat Sabatini,5'8'',70'',orthodox,featherweight,"November 9, 1990",USA,Yes
798,Dan Ige,5'7'',71'',orthodox,featherweight,"August 6, 1991",USA,Yes
799,Brian Ortega,5'8'',69'',switch,lightweight,"February 21, 1991",USA,Yes
800,Yusuke Kasuya,5'7'',N/A,southpaw,lightweight,"November 16, 1989",Japan,No
801,Mizuto Hirota,5'7'',67'',orthodox,lightweight,"May 5, 1981",Japan,No
802,Shane Young,5'8'',72'',orthodox,featherweight,"July 31, 1993",New Zealand,No
803,Jeremy Kennedy,5'11'',71'',orthodox,featherweight,"September 16, 1992",USA,No
804,Chad Mendes,5'6'',66'',orthodox,featherweight,"May 1, 1985",USA,No
805,Jose Aldo,5'7'',70'',orthodox,bantamweight,"September 9, 1986",Brazil,No
806,Chan Sung Jung,5'7'',72'',orthodox,featherweight,"March 17, 1987",South Korea,No
807,Ilia Topuria,5'7'',69'',orthodox,lightweight,"January 21, 1997",Georgia,Yes
808,Jose Henrique Souza,6'3'',79'',orthodox,welterweight,"May 23, 2002",Brazil,Yes
809,Nikolay Veretennikov,6'1'',74'',orthodox,welterweight,"December 22, 1989",Kazakhstan,Yes
810,Danny Barlow,6'2'',79'',southpaw,middleweight,"August 2, 1995",USA,No
811,Austin Vanderford,5'11'',74'',orthodox,welterweight,"March 21, 1990",USA,Yes
812,Punahele Soriano,5'11'',72'',southpaw,welterweight,"November 22, 1992",USA,Yes
813,Said Nurmagomedov,5'8'',70'',orthodox,bantamweight,"April 5, 1992",Russia,Yes
814,Justin Scoggins,5'7'',66'',southpaw,flyweight,"May 2, 1992",USA,No
815,Mark Striegl,5'8'',70'',southpaw,featherweight,"June 23, 1988",USA,No
816,Douglas Silva de Andrade,5'7'',68'',orthodox,featherweight,"June 22, 1985",Brazil,Yes
817,Saidyokub Kakhramanov,5'8'',69'',orthodox,bantamweight,"November 14, 1995",Uzbekistan,No
818,Jonathon Martinez,5'8'',70'',southpaw,bantamweight,"April 20, 1994",USA,Yes
819,Muin Gafurov,5'7'',68'',orthodox,bantamweight,"May 17, 1996",Tajikistan,Yes
820,Vinicius Oliveira,5'9'',70'',switch,bantamweight,"November 30, 1995",Brazil,Yes
821,Victor Henry,5'7'',68'',switch,bantamweight,"May 4, 1987",USA,Yes
822,Gillian Robertson,5'5'',63'',orthodox,women's strawweight,"May 17, 1995",Canada,Yes
823,Josiane Nunes,5'2'',67'',southpaw,women's bantamweight,"December 23, 1993",Brazil,Yes
824,Joselyne Edwards,5'8'',70'',orthodox,women's bantamweight,"September 29, 1995",Panama,Yes
825,Klaudia Sygula,5'8'',69'',orthodox,women's bantamweight,"December 30, 1998",Poland,Yes
826,Melissa Mullins,5'7'',68'',orthodox,women's bantamweight,"June 23, 1991",England,Yes
827,Irina Alekseeva,5'8'',67'',orthodox,women's bantamweight,"June 27, 1990",Russia,No
828,Rinya Nakamura,5'7'',68'',southpaw,bantamweight,"March 23, 1995",Japan,Yes
829,Jakub Wiklacz,5'10'',72'',orthodox,bantamweight,"September 10, 1996",Poland,Yes
830,Patchy Mix,5'11'',70'',southpaw,bantamweight,"August 16, 1993",USA,No
831,Eduarda Moura,5'6'',67'',orthodox,women's flyweight,"February 28, 1994",Brazil,Yes
832,Janaina Silva,5'1'',60'',orthodox,women's strawweight,"February 16, 1992",Brazil,No
833,Denise Gomes,5'2'',63'',orthodox,women's strawweight,"December 30, 1999",Brazil,Yes
834,Veronica Hardy,5'4'',64'',southpaw,women's flyweight,"October 30, 1995",Venezuela,Yes
835,Wang Cong,5'6'',66'',southpaw,women's flyweight,"May 15, 1992",China,Yes
836,Paula Luna,5'2'',62'',orthodox,women's flyweight,"June 5, 1999",Peru,No
837,Gabriella Fernandes,5'6'',66'',southpaw,women's flyweight,"August 13, 1993",Brazil,Yes
838,Ketlen Souza,5'3'',63'',orthodox,women's strawweight,"August 18, 1994",Brazil,Yes
839,Karine Silva,5'5'',67'',orthodox,women's flyweight,"December 2, 1992",Brazil,Yes
840,Yazmin Jauregui,5'3'',64'',orthodox,women's strawweight,"February 28, 1999",Mexico,Yes
841,Piera Rodriguez,5'3'',63'',orthodox,women's strawweight,"November 11, 1992",Brazil,Yes
842,Loma Lookboonmee,5'1'',61'',orthodox,women's strawweight,"January 18, 1996",Thailand,Yes
843,Shi Ming,5'2'',60'',orthodox,women's strawweight,"November 14, 1994",China,Yes
844,Jean Matsumoto,5'6'',68'',orthodox,bantamweight,"September 9, 1999",Brazil,Yes
845,Kasey Tanner,5'7'',69'',orthodox,bantamweight,"January 11, 1992",USA,No
846,Dan Argueta,5'7'',68'',southpaw,bantamweight,"August 13, 1993",USA,No
847,Miles Johns,5'7'',68'',orthodox,bantamweight,"March 30, 1994",USA,Yes
848,Gian Villante,6'3'',76'',orthodox,heavyweight,"August 18, 1985",USA,No
849,Gadzhimurad Antigulov,5'11'',70'',orthodox,light heavyweight,"February 9, 1987",Russia,No
850,Shamil Gamzatov,6'2'',76'',orthodox,light heavyweight,"August 9, 1990",Russia,No
851,Dustin Jacoby,6'3'',76'',orthodox,light heavyweight,"April 4, 1988",USA,Yes
852,Chidi Njokuani,6'3'',80'',orthodox,welterweight,"December 31, 1988",USA,Yes
853,Michel Pereira,6'1'',73'',orthodox,middleweight,"October 6, 1993",Brazil,Yes
854,Kevin Holland,6'3'',81'',orthodox,welterweight,"November 5, 1992",USA,Yes
855,Shara Magomedov,6'2'',73'',orthodox,middleweight,"May 16, 1994",Russia,Yes
856,Junyong Park,5'10'',73'',orthodox,middleweight,"February 27, 1991",South Korea,Yes
857,Anthony Hernandez,6'0'',75'',orthodox,middleweight,"October 18, 1993",USA,Yes
858,Chris Curtis,5'10'',75'',orthodox,welterweight,"June 15, 1987",USA,Yes
859,Dustin Stoltzfus,6'0'',75'',orthodox,middleweight,"November 15, 1991",USA,Yes
860,Joe Pyfer,6'2'',75'',orthodox,middleweight,"September 17, 1996",USA,Yes
861,Alex Morono,5'11'',72'',orthodox,welterweight,"August 16, 1990",USA,No
862,Kyle Noke,6'1'',76'',southpaw,welterweight,"March 18, 1980",USA,No
863,James Moontasri,5'10'',71'',switch,welterweight,"April 10, 1988",USA,No
864,Niko Price,6'0'',76'',orthodox,welterweight,"September 29, 1989",USA,Yes
865,Keita Nakamura,5'11'',73'',southpaw,welterweight,"May 22, 1984",Japan,No
866,Joshua Burkman,5'10'',72'',orthodox,welterweight,"April 10, 1980",USA,No
867,Jordan Mein,6'0'',73'',orthodox,welterweight,"October 10, 1989",USA,No
868,Song Kenan,6'0'',71'',orthodox,welterweight,"March 10, 1989",China,Yes
869,Zak Ottow,5'11'',72'',orthodox,welterweight,"December 22, 1986",USA,No
870,Max Griffin,5'11'',76'',orthodox,welterweight,"November 29, 1985",USA,Yes
871,Khaos Williams,6'0'',77'',orthodox,welterweight,"March 30, 1994",USA,Yes
872,Rhys McKee,6'2'',78'',orthodox,welterweight,"September 10, 1995",Ireland,Yes
873,David Zawada,6'0'',75'',orthodox,welterweight,"August 1, 1990",Germany,No
874,Matthew Semelsberger,6'1'',75'',switch,welterweight,"November 23, 1992",USA,No
875,Santiago Ponzinibbio,6'0'',73'',orthodox,welterweight,"September 29, 1986",Argentina,Yes
876,Tim Means,6'2'',75'',orthodox,welterweight,"February 20, 1984",USA,Yes
877,Daniel Rodriguez,6'1'',74'',southpaw,welterweight,"December 31, 1986",USA,Yes
878,Carlos Leal,5'11'',74'',orthodox,welterweight,"May 4, 1994",Brazil,Yes
879,Daniil Donchenko,5'11'',71'',orthodox,welterweight,"August 4, 2001",Ukraine,Yes
880,Rodrigo Sezinando,5'9'',71'',orthodox,welterweight,"December 11, 1997",Brazil,Yes
881,Clifford Starks,6'0'',78'',orthodox,middleweight,"April 25, 1981",USA,No
882,Chris Camozzi,6'2'',75'',orthodox,middleweight,"November 20, 1986",USA,No
883,Ty Flores,6'3'',73'',switch,light heavyweight,"December 22, 1993",USA,No
884,Justin Ledet,6'4'',80'',orthodox,light heavyweight,"September 28, 1988",USA,No
885,Maxim Grishin,6'3'',78'',orthodox,light heavyweight,"May 2, 1984",Russia,No
886,John Allan,6'1'',75'',orthodox,light heavyweight,"February 22, 1993",USA,No
887,Da Woon Jung,6'4'',78'',orthodox,light heavyweight,"December 7, 1993",South Korea,No
888,Azamat Murzakanov,5'10'',71'',southpaw,light heavyweight,"April 12, 1989",Russia,Yes
889,Kennedy Nzechukwu,6'5'',83'',southpaw,heavyweight,"June 13, 1992",Nigeria,Yes
890,Alonzo Menifield,6'0'',76'',orthodox,light heavyweight,"October 18, 1987",USA,Yes
891,Bruno Lopes,6'2'',74'',orthodox,light heavyweight,"April 24, 1993",Brazil,Yes
892,Julius Walker,6'4'',78'',orthodox,light heavyweight,"July 16, 1999",USA,Yes
893,Rizvan Kuniev,6'4'',76'',orthodox,heavyweight,"March 10, 1992",Russia,Yes
894,Edivan Santos,6'4'',78'',orthodox,heavyweight,"May 3, 1992",Brazil,No
895,Hugo Cunha,6'3'',79'',orthodox,heavyweight,"February 4, 1993",Brazil,No
896,Kyoji Horiguchi,5'4'',63'',orthodox,flyweight,"October 12, 1990",Japan,Yes
897,Dustin Pague,5'9'',74'',orthodox,bantamweight,"August 5, 1987",USA,No
898,Darrell Montague,5'6'',67'',southpaw,flyweight,"November 3, 1987",USA,No
899,Jon Delos Reyes,5'6'',67'',orthodox,flyweight,"August 19, 1987",Guam,No
900,Louis Gaudinot,5'3'',63'',orthodox,flyweight,"August 28, 1984",USA,No
901,Demetrious Johnson,5'3'',66'',orthodox,flyweight,"August 13, 1986",USA,No
902,Chico Camus,5'6'',66'',orthodox,flyweight,"January 26, 1985",USA,No
903,Neil Seery,5'4'',64'',orthodox,flyweight,"August 30, 1979",Ireland,No
904,Ali Bagautinov,5'4'',65'',orthodox,flyweight,"June 10, 1985",Russia,No
905,Tagir Ulanbekov,5'7'',70'',southpaw,flyweight,"August 7, 1991",Russia,Yes
906,Alessandro Costa,5'4'',67'',orthodox,flyweight,"January 28, 1996",Brazil,Yes
907,Victor Madrigal,5'7'',71'',orthodox,bantamweight,"August 16, 1990",Mexico,No
908,Brandon Thatch,6'2'',74'',switch,welterweight,"July 11, 1985",USA,No
909,Alan Jouban,6'0'',73'',southpaw,welterweight,"November 25, 1981",USA,No
910,Vicente Luque,5'11'',75'',orthodox,welterweight,"November 27, 1991",Brazil,Yes
911,George Sullivan,6'0'',73'',orthodox,welterweight,"March 13, 1981",USA,No
912,Geoff Neal,5'11'',75'',southpaw,welterweight,"August 28, 1990",USA,Yes
913,Phil Rowe,6'3'',80'',orthodox,welterweight,"July 19, 1990",USA,Yes
914,Robbie Lawler,5'11'',74'',southpaw,welterweight,"March 20, 1982",USA,No
915,Themba Gorimbo,6'1'',77'',orthodox,welterweight,"January 23, 1991",Zimbabwe,Yes
916,Jacobe Smith,5'10'',72'',southpaw,welterweight,"January 17, 1996",USA,Yes
917,Juliana Miller,5'7'',66'',orthodox,women's flyweight,"May 7, 1996",USA,Yes
918,Brogan Walker,5'4'',67'',switch,women's flyweight,"August 2, 1988",USA,No
919,Luana Santos,5'6'',67'',orthodox,women's bantamweight,"April 16, 2000",Brazil,Yes
920,Carli Judice,5'7'',68'',southpaw,women's flyweight,"March 2, 1999",USA,Yes
921,Yuneisy Duben,5'4'',65'',orthodox,women's flyweight,"July 8, 1996",Venezuela,Yes
922,Luke Flores,6'0'',73'',southpaw,lightweight,"March 17, 1988",USA,No
923,Matt Wiman,5'10'',68'',orthodox,lightweight,"September 19, 1983",USA,No
924,Matt Sayles,5'7'',68'',orthodox,lightweight,"February 21, 1994",USA,No
925,Trey Ogden,5'11'',72'',orthodox,lightweight,"November 14, 1989",USA,Yes
926,Victor Martinez,5'8'',70'',orthodox,lightweight,"July 17, 1991",USA,No
927,Yadier Del Valle,5'9'',69'',southpaw,featherweight,"July 29, 1996",Cuba,Yes
928,Antonio Monteiro,5'7'',70'',orthodox,featherweight,"July 2, 1995",Brazil,No
929,Isaac Dulgarian,5'7'',71'',orthodox,featherweight,"July 4, 1996",USA,No
930,Jean Paul Lebosnoyani,5'11'',72'',switch,welterweight,"January 27, 1999",USA,Yes
931,Jack Congdon,6'2'',75'',switch,welterweight,"May 21, 1997",USA,No
932,Leon Shahbazyan,6'4'',74'',orthodox,welterweight,"November 18, 1995",USA,No
933,Gabe Green,5'10'',73'',switch,lightweight,"May 2, 1993",USA,Yes
934,Orion Cosce,5'11'',71'',switch,welterweight,"July 15, 1994",USA,No
935,Jason Witt,5'10'',70'',orthodox,welterweight,"November 7, 1986",USA,No
936,Neil Magny,6'3'',80'',orthodox,welterweight,"August 3, 1987",USA,Yes
937,Jake Matthews,5'11'',73'',orthodox,welterweight,"August 19, 1994",Australia,Yes
938,Dusko Todorovic,6'1'',74'',orthodox,middleweight,"May 19, 1994",Serbia,Yes
939,Roman Kopylov,6'0'',75'',southpaw,middleweight,"May 4, 1992",Russia,Yes
940,Miguel Baeza,6'2'',74'',orthodox,welterweight,"August 23, 1992",USA,No
941,Uros Medic,6'1'',71'',southpaw,welterweight,"April 25, 1993",Serbia,Yes
942,Billy Ray Goff,5'10'',72'',switch,welterweight,"June 18, 1998",USA,Yes
943,Nora Cornolle,5'7'',67'',orthodox,women's bantamweight,"December 6, 1989",France,Yes
944,Hailey Cowan,5'8'',67'',southpaw,women's bantamweight,"February 12, 1992",USA,Yes
945,Karol Rosa,5'5'',67'',orthodox,women's bantamweight,"December 30, 1994",Brazil,Yes
946,Jessica Rose Clark,5'5'',64'',orthodox,women's bantamweight,"November 28, 1987",Australia,No
947,Ramona Pascual,5'7'',66'',southpaw,women's bantamweight,"September 23, 1988",USA,No
948,Ailin Perez,5'5'',66'',switch,women's bantamweight,"October 5, 1994",Argentina,Yes
949,Tamires Vidal,5'6'',68'',orthodox,women's bantamweight,"July 27, 1998",Brazil,No
950,Gianni Vazquez,5'7'',71'',orthodox,bantamweight,"July 17, 1994",Mexico,Yes
951,Alden Coria,5'8'',67'',orthodox,flyweight,"April 24, 1998",Mexico,Yes
952,Luis Gurule,5'5'',64'',orthodox,flyweight,"November 16, 1993",USA,Yes
953,Nick Piccininni,5'6'',66'',orthodox,flyweight,"December 16, 1996",USA,No
954,Armando Villarreal,5'7'',66'',southpaw,bantamweight,"August 8, 1989",USA,No
955,Jerome Rivera,5'10'',72'',southpaw,flyweight,"April 22, 1995",USA,No
956,Manel Kape,5'5'',68'',southpaw,flyweight,"November 14, 1993",Portugal,Yes
957,Zarrukh Adashev,5'5'',65'',southpaw,flyweight,"July 29, 1992",Uzbekistan,No
958,Tyson Nam,5'7'',68'',orthodox,flyweight,"October 6, 1983",USA,No
959,Jafel Filho,5'7'',68'',orthodox,flyweight,"May 5, 1993",Brazil,Yes
960,Ronaldo Rodriguez,5'6'',65'',orthodox,flyweight,"May 7, 1999",Mexico,Yes
961,Steve Erceg,5'8'',68'',orthodox,flyweight,"July 27, 1995",Australia,Yes
962,Alibi Idris,5'6'',68'',orthodox,flyweight,"October 22, 1994",Kazakhstan,Yes
963,Gregory Rodrigues,6'3'',75'',orthodox,middleweight,"February 17, 1992",Brazil,Yes
964,Rinat Fakhretdinov,6'0'',74'',orthodox,welterweight,"September 28, 1991",Russia,No
965,Muslim Salikhov,5'11'',70'',orthodox,welterweight,"June 9, 1984",Russia,Yes
966,Danny Roberts,6'1'',74'',southpaw,welterweight,"July 14, 1987",England,No
967,Tristan Connelly,5'10'',68'',orthodox,featherweight,"December 12, 1985",USA,No
968,Zelim Imadaev,6'0'',76'',orthodox,welterweight,"January 25, 1995",Russia,No
969,Abus Magomedov,6'2'',78'',orthodox,middleweight,"September 2, 1990",Germany,Yes
970,Kyle Daukaus,6'2'',76'',southpaw,middleweight,"February 27, 1991",USA,Yes
971,Eli Eronov,5'10'',72'',orthodox,middleweight,"June 6, 1996",garbage,No
972,Jackson McVey,6'4'',77'',southpaw,middleweight,"March 25, 1999",USA,Yes
973,Chase Waldon,6'1'',75'',orthodox,middleweight,"September 19, 1986",USA,No
974,Frank Camacho,5'10'',73'',orthodox,lightweight,"May 18, 1989",USA,No
975,Belal Muhammad,5'11'',72'',orthodox,welterweight,"July 9, 1988",Palestine,Yes
976,Mike Perry,5'10'',71'',orthodox,welterweight,"September 15, 1991",USA,No
977,Stephen Thompson,6'0'',75'',orthodox,welterweight,"February 11, 1983",USA,Yes
978,Shavkat Rakhmonov,6'1'',77'',orthodox,welterweight,"October 23, 1994",Kazakhstan,Yes
979,Ian Garry,6'3'',74'',orthodox,welterweight,"November 17, 1997",Ireland,Yes
980,Carlos Prates,6'1'',78'',switch,welterweight,"August 17, 1993",Brazil,Yes
981,Mikey Gonzalez,5'11'',74'',orthodox,lightweight,"August 13, 1985",USA,No
982,Aalon Cruz,6'0'',78'',switch,featherweight,"September 20, 1989",USA,No
983,Myktybek Orolbai,5'10'',74'',orthodox,welterweight,"February 10, 1998",Kyrgyztsan,Yes
984,Gilbert Urbina,6'3'',75'',orthodox,welterweight,"April 5, 1996",USA,Yes
985,Igor Cavalcanti,5'11'',79'',orthodox,welterweight,"October 10, 1997",USA,No
986,Christian Savoie,5'11'',72'',orthodox,welterweight,"August 29, 1992",USA,No
987,Carlos Felipe,6'0'',75'',orthodox,heavyweight,"January 12, 1995",Brazil,No
988,Melquizael Costa,5'10'',71'',southpaw,featherweight,"September 14, 1996",Brazil,Yes
989,Austin Lingo,5'10'',70'',orthodox,featherweight,"July 10, 1994",USA,No
990,Steve Garcia,6'0'',75'',southpaw,featherweight,"May 22, 1992",USA,Yes
991,Shayilan Neurdanbieke,5'8'',69'',orthodox,featherweight,"May 4, 1984",China,Yes
992,Christian Rodriguez,5'7'',71'',orthodox,featherweight,"December 17, 1997",USA,Yes
993,Julian Erosa,6'1'',74'',southpaw,featherweight,"July 31, 1989",USA,Yes
994,Luis Gomez,5'7'',68'',orthodox,featherweight,"January 28, 1995",USA,No
995,Mike Santiago,5'10'',69'',orthodox,featherweight,"July 28, 1989",USA,No
996,Jordan Griffin,5'10'',73'',southpaw,featherweight,"February 28, 1990",USA,No
997,Danny Henry,6'0'',73'',orthodox,featherweight,"July 17, 1988",USA,No
998,Kevin Aguilar,5'7'',73'',orthodox,featherweight,"September 7, 1988",USA,No
999,Mirsad Bektic,5'8'',70'',orthodox,featherweight,"February 16, 1991",Bosnia and Herzegovinia,No
1000,Nate Landwehr,5'9'',72'',orthodox,featherweight,"June 6, 1988",USA,Yes
1001,Lerone Murphy,5'9'',73'',orthodox,featherweight,"July 22, 1991",England,Yes
1002,Sean Woodson,6'2'',78'',orthodox,featherweight,"June 7, 1992",USA,Yes
1003,Patricio Pitbull,5'6'',67'',orthodox,featherweight,"July 7, 1987",Brazil,Yes
1004,Josh Fremd,6'4'',76'',orthodox,middleweight,"January 15, 1994",USA,No
1005,Edmen Shahbazyan,6'2'',75'',orthodox,middleweight,"November 20, 1997",USA,Yes
1006,Roman Dolidze,6'2'',76'',orthodox,middleweight,"July 15, 1988",Georgia,Yes
1007,Sean Strickland,6'1'',76'',orthodox,middleweight,"February 27, 1991",USA,Yes
1008,Robert McDaniel,6'3'',75'',southpaw,middleweight,"May 3, 1983",USA,No
1009,Luke Barnatt,6'6'',77'',orthodox,middleweight,"April 13, 1988",England,No
1010,Igor Araujo,6'1'',77'',orthodox,welterweight,"December 6, 1980",Brazil,No
1011,Alex Garcia,5'9'',72'',orthodox,welterweight,"July 14, 1987",USA,No
1012,Kamaru Usman,6'0'',76'',switch,welterweight,"May 11, 1987",Nigeria,Yes
1013,Nordine Taleb,6'1'',74'',orthodox,welterweight,"June 10, 1981",France,No
1014,Jack Marshman,6'0'',73'',orthodox,middleweight,"December 19, 1989",Wales,No
1015,Uriah Hall,6'0'',79'',orthodox,middleweight,"July 31, 1984",Jamaica,No
1016,Jack Hermansson,6'1'',77'',orthodox,welterweight,"June 10, 1988",Norway,Yes
1017,Alex Pereira,6'4'',79'',orthodox,light heavyweight,"July 7, 1987",Brazil,Yes
1018,Nassourdine Imavov,6'3'',75'',orthodox,middleweight,"March 1, 1996",France,Yes
1019,Dricus Du Plessis,6'1'',76'',switch,middleweight,"January 14, 1994",South Africa,Yes
1020,Paulo Costa,6'1'',72'',orthodox,light heavyweight,"April 21, 1991",Brazil,Yes
1021,Angel Pachecho,5'8'',70'',orthodox,bantamweight,"January 13, 1992",USA,Yes
1022,Danny Silva,5'11'',70'',switch,featherweight,"January 30, 1997",Mexico,Yes
1023,Caolan Loughran,5'6'',68'',orthodox,bantamweight,"May 18, 1996",Ireland,No
1024,Santiago Luna,5'9'',74'',orthodox,bantamweight,"August 6, 2004",Mexico,Yes
1025,Quang Le,5'7'',70'',orthodox,bantamweight,"October 18, 1991",Vietnam,Yes
1026,Wes Shultz,6'2'',77'',orthodox,middleweight,"August 9, 1996",USA,Yes
1027,Mario Mingaj,6'3'',78'',orthodox,middleweight,"October 28, 1998",Italy,No
1028,Damian Pinas,6'1'',79'',orthodox,middleweight,"March 12, 2002",Aruba,Yes
1029,Vitor Costa,6'2'',75'',orthodox,middleweight,"September 19, 2000",Brazil,No
1030,Francis Marshall,5'9'',72'',orthodox,featherweight,"March 3, 1999",USA,Yes
1031,Marcelo Rojo,5'8'',71'',orthodox,featherweight,"July 2, 1988",Argentina,No
1032,William Gomis,6'0'',73'',southpaw,featherweight,"June 13, 1997",France,Yes
1033,Erik Silva,5'9'',71'',orthodox,featherweight,"March 16, 1987",Venezuela,Yes
1034,Anvar Boynazarov,5'9'',70'',orthodox,featherweight,"January 10, 1989",Uzbekistan,No
1035,TJ Brown,5'9'',72'',switch,featherweight,"May 22, 1990",USA,No
1036,Sofia Montenegro,5'6'',67'',orthodox,women's flyweight,"June 18, 1999",Argentina,Yes
1037,Jeisla Chaves,5'6'',68'',orthodox,women's flyweight,"February 2, 1997",Brazil,Yes
1038,Javier Reyes,5'7'',73'',switch,featherweight,"October 10, 1993",Colombia,Yes
1039,Justice Torres,5'7'',66'',southpaw,featherweight,"October 19, 1997",Mexico,No
1040,Cody Gibson,5'10'',71'',orthodox,bantamweight,"September 11, 1987",USA,Yes
1041,Henry Briones,5'8'',69'',orthodox,bantamweight,"October 22, 1980",USA,No
1042,Renan Barao,5'6'',70'',orthodox,featherweight,"January 31, 1987",Brazil,No
1043,Gaetano Pirrello,5'7'',65'',orthodox,bantamweight,"April 29, 1992",Belgium,No
1044,Malcolm Wellmaker,5'7'',68'',southpaw,bantamweight,"August 9, 1992",USA,Yes
1045,Christian Quinonez,5'8'',70'',orthodox,bantamweight,"April 26, 1996",Mexico,Yes
1046,Xiao Long,5'8'',70'',orthodox,bantamweight,"April 13, 1998",China,Yes
1047,Norma Dumont,5'7'',67'',orthodox,women's bantamweight,"October 1, 1990",Brazil,Yes
1048,Yana Santos,5'6'',68'',orthodox,women's bantamweight,"November 11, 1989",Russia,Yes
1049,Ashlee Evans Smith,5'8'',67'',orthodox,women's bantamweight,"July 9, 1987",USA,No
1050,Daria Zhelezniakova,5'9'',68'',orthodox,women's bantamweight,"January 23, 1996",Russia,Yes
1051,Magomed Gadzhiyasulov,6'2'',75'',orthodox,light heavyweight,"November 4, 1993",Bahrain,No
1052,Ryan Gandra,6'1'',74'',orthodox,middleweight,"May 8, 1995",Brazil,Yes
1053,Trent Miller,5'9'',72'',orthodox,middleweight,"October 31, 1995",USA,No
1054,Imanol Rodriguez,5'4'',64'',orthodox,flyweight,"November 15, 1999",Mexico,Yes
1055,Roque Conceicao,5'4'',67'',orthodox,flyweight,"October 27, 1999",Brazil,No
1056,Dan Lauzon,5'10'',70'',orthodox,lightweight,"March 30, 1988",USA,No
1057,Jacob Volkmann,5'9'',71'',southpaw,lightweight,"September 5, 1980",USA,No
1058,James Krause,6'2'',73'',orthodox,welterweight,"June 4, 1986",USA,No
1059,Pat Healy,6'0'',72'',orthodox,lightweight,"July 20, 1983",USA,No
1060,Josh Thomson,5'10'',71'',orthodox,lightweight,"September 21, 1978",USA,No
1061,Lando Vannata,5'9'',71'',orthodox,lightweight,"March 14, 1992",Canada,Yes
1062,Erik Koch,5'10'',71'',southpaw,welterweight,"October 4, 1988",USA,No
1063,Drakkar Klose,5'9'',70'',orthodox,lightweight,"May 9, 1988",USA,Yes
1064,Grant Dawson,5'10'',72'',switch,lightweight,"February 20, 1994",USA,Yes
1065,Lance Gibson Jr.,5'9'',72'',orthodox,lightweight,"February 2, 1995",Canada,Yes
1066,Esteban Ribovics,5'10'',69'',orthodox,lightweight,"April 27, 1996",Argentina,Yes
1067,David Martinez,5'5'',67'',orthodox,bantamweight,"August 3, 1998",Mexico,Yes
1068,Xavier Franklin,5'6'',66'',southpaw,bantamweight,"October 15, 1996",USA,No
1069,Saimon Oliveira,5'4'',72'',orthodox,bantamweight,"April 21, 1991",Brazil,No
1070,Roman Salazar,5'7'',72'',orthodox,bantamweight,"February 21, 1988",USA,No
1071,Davey Grant,5'8'',69'',orthodox,bantamweight,"December 18, 1985",England,Yes
1072,Guangyou Ning,5'4'',64'',southpaw,bantamweight,"December 15, 1981",China,No
1073,Brad Pickett,5'6'',66'',switch,bantamweight,"August 19, 1986",England,No
1074,John Lineker,5'3'',67'',orthodox,bantamweight,"June 12, 1990",Brazil,No
1075,Wulijiburen,5'9'',69'',orthodox,bantamweight,"March 1, 1989",China,No
1076,Frankie Saenz,5'6'',66'',orthodox,bantamweight,"August 12, 1980",USA,No
1077,Nohelin Hernandez,5'10'',71'',orthodox,bantamweight,"March 1, 1994",USA,No
1078,Andre Ewell,5'8'',75'',southpaw,featherweight,"January 21, 1988",USA,No
1079,Frankie Edgar,5'6'',68'',orthodox,bantamweight,"October 16, 1981",USA,No
1080,Dominick Cruz,5'8'',68'',orthodox,bantamweight,"March 9, 1985",USA,No
1081,An Tuan Ho,5'6'',66'',switch,flyweight,"September 27, 2000",Vietnam,No
1082,Jose Ochoa,5'7'',67'',southpaw,flyweight,"December 31, 2000",Peru,Yes
1083,Felipe dos Santos,5'7'',70'',orthodox,flyweight,"September 11, 2000",Brazil,No
1084,Louis Smolka,5'9'',68'',orthodox,bantamweight,"July 16, 1991",USA,No
1085,Dustin Ortiz,5'9'',65'',orthodox,flyweight,"December 25, 1988",USA,No
1086,Askar Askarov,5'6'',67'',orthodox,flyweight,"October 9, 1992",Russia,No
1087,Brandon Royval,5'9'',68'',southpaw,flyweight,"August 16, 1992",USA,Yes
1088,Josiah Harrell,5'7'',67'',orthodox,welterweight,"November 13, 1998",USA,Yes